Database,Domain,Rank,Organic Keywords,Organic Traffic,Organic Cost,Adwords Keywords,Adwords Traffic,Adwords Cost,PLA keywords,PLA uniques
om,trip-cache.com,213760,5,0,0,0,0,0,0,0
bs,trip-cache.com,266144,4,0,0,0,0,0,0,0
gr,trip-cache.com,621590,6,2,0,0,0,0,0,0
mobile-mx,trip-cache.com,669328,1,3,2,0,0,0,0,0
pk,trip-cache.com,766758,11,1,0,0,0,0,0,0
pe,trip-cache.com,1042247,3,0,0,0,0,0,0,0
hk,trip-cache.com,1128014,7,0,0,0,0,0,0,0
cl,trip-cache.com,1287932,4,0,0,0,0,0,0,0
ae,trip-cache.com,1386667,6,0,0,0,0,0,0,0
mx,trip-cache.com,1425325,6,4,0,0,0,0,0,0
no,trip-cache.com,1539483,6,0,0,0,0,0,0,0
ar,trip-cache.com,1741482,7,0,0,0,0,0,0,0
th,trip-cache.com,1779302,11,0,0,0,0,0,0,0
ph,trip-cache.com,1996434,13,0,0,0,0,0,0,0
ru,trip-cache.com,2105309,15,4,0,0,0,0,0,0
vn,trip-cache.com,2204110,4,0,0,0,0,0,0,0
pl,trip-cache.com,2338761,11,0,0,0,0,0,0,0
br,trip-cache.com,2445882,9,3,3,0,0,0,0,0
ca,trip-cache.com,2522182,14,4,3,0,0,0,0,0
id,trip-cache.com,2811282,4,0,0,0,0,0,0,0
au,trip-cache.com,2890787,15,1,0,0,0,0,0,0
it,trip-cache.com,2920750,8,1,0,0,0,0,0,0
nl,trip-cache.com,2967262,13,1,0,0,0,0,0,0
jp,trip-cache.com,3268355,9,0,0,0,0,0,0,0
uk,trip-cache.com,3289018,9,4,2,0,0,0,0,0
tr,trip-cache.com,3591312,3,0,0,0,0,0,0,0
fr,trip-cache.com,3719929,7,1,0,0,0,0,0,0
in,trip-cache.com,3901718,6,1,0,0,0,0,0,0
de,trip-cache.com,4858840,6,1,0,0,0,0,0,0
co,trip-cache.com,5239968,1,0,0,0,0,0,0,0
mobile-us,trip-cache.com,6883230,2,2,6,0,0,0,0,0
us,trip-cache.com,7750985,83,12,13,0,0,0,0,0
es,trip-cache.com,8296376,2,0,0,0,0,0,0,0
