Keyword,Position,Previous Position,Search Volume,CPC,Url,Traffic,Keyword Difficulty,Intents,Competition,SERP Features by Keyword
best travel itinerary app,42,42,210,0.74,https://trip-cache.com/blog/best-travel-apps-2025,0,35.00,0,0.16,"7,9,21,36,52"
best travel itinerary app,39,39,210,0.74,https://trip-cache.com/blog/best-travel-apps-2025,0,35.00,0,0.16,"7,9,21,36,52"
tripcase,84,84,210,0.00,https://trip-cache.com/pricing,0,15.00,1,0.02,"7,9,21,36,52"
tripcase,83,83,210,0.00,https://trip-cache.com/,0,15.00,1,0.02,"7,9,21,36,52"
tripcase,73,73,210,0.00,https://trip-cache.com/alternatives/tripcase,0,15.00,1,0.02,"7,9,21,36,52"
tripcase,57,57,210,0.00,https://trip-cache.com/blog,0,15.00,1,0.02,"7,9,21,36,52"
tripcase,32,32,210,0.00,https://trip-cache.com/blog/tripcase-alternative-2025,0,15.00,1,0.02,"7,9,21,36,52"
tripcase,11,11,210,0.00,https://trip-cache.com/blog/tripcase-shutdown-what-now,1,15.00,1,0.02,"7,9,21,36,52"
trip case,86,86,170,1.71,https://trip-cache.com/pricing,0,16.00,1,0.06,"7,9,13,21,36,52"
trip case,85,85,170,1.71,https://trip-cache.com/pricing,0,16.00,1,0.06,"7,9,13,21,36,52"
trip case,82,82,170,1.71,https://trip-cache.com/,0,16.00,1,0.06,"7,9,13,21,36,52"
trip case,79,79,170,1.71,https://trip-cache.com/alternatives/tripcase,0,16.00,1,0.06,"7,9,13,21,36,52"
trip case,56,56,170,1.71,https://trip-cache.com/blog,0,16.00,1,0.06,"7,9,13,21,36,52"
trip case,35,35,170,1.71,https://trip-cache.com/blog/tripcase-alternative-2025,0,16.00,1,0.06,"7,9,13,21,36,52"
trip case,13,13,170,1.71,https://trip-cache.com/blog/tripcase-shutdown-what-now,0,16.00,1,0.06,"7,9,13,21,36,52"
