Domain,Competitor Relevance,Common Keywords,Organic Keywords,Organic Traffic,Organic Cost,Adwords Keywords
tripcase.app,0.57,4,10,126,461,0
tripcase.com,0.45,3,6,11,9,0
tripcaseconnect.com,0.38,2,5,0,0,0
globaltravelassociates.com,0.31,4,50,1,3,0
tripeasy.com,0.17,2,27,183,3340,0
tripmanager.com,0.17,1,29,4,0,0
travel-sane.com,0.16,1,14,0,0,0
tripsy.app,0.16,5,111,1195,2346,0
tineo.ai,0.14,5,118,206,9,0
travo.me,0.07,3,725,335,522,0
lambus.com,0.06,4,622,187,41,0
tripcast.co,0.03,2,81,419,14,0
mtrip.com,0.03,8,1101,711,5929,7
folio.id,0.02,7,756,279,505,0
apurplelife.com,0.01,5,2543,2728,2466,0
wanderingkenzie.com,0.01,3,565,1113,1120,0
tripcase.online,0.01,1,3,3,9,0
tripmapper.co,0.01,1,603,261,265,0
tripplans.co,0.01,1,153,1080,1312,0
ourtravelmix.com,0.01,1,1003,52,62,0
tripsource.com,0.01,1,240,2359,16511,0
stippl.io,0.00,2,5011,21831,16955,0
wandereroftheworld.co.uk,0.00,1,2056,981,85,0
activetraveladventures.com,0.00,1,4969,9728,11089,0
webcatalog.io,0.00,2,163034,353354,654193,3
