Keyword,Search Volume,CPC,Competition,Keyword Difficulty Index,Intent,Keywords SERP Features
travel organizer app,260,1.4,0.22,55,1,"6,7,9,36,45,52"
best travel organizer app,70,0.93,0.2,50,0,"6,7,9,21,36,38,45,52"
travel organizer apps,70,1.4,0.22,75,1,"6,7,9,21,36,45,52"
how to create a travel organizer web app,50,0,0,0,,
best app to organize travel,40,0,0.43,0,0,"6,7,9,20,21,36,45,52"
best app to organize travel plans,30,1.68,0.05,37,0,"6,7,9,20,21,36,45,52"
travel organization app,30,1.01,0.28,50,0,"6,7,9,21,36,45,52"
app for organizing travel itinerary,20,0,0.33,0,,
app to organize travel,20,0,0.33,0,,
app to organize travel itinerary,20,1.56,0.07,0,,
app to organize travel plans,20,1.63,0.38,0,,
app to organize your travel itinerary,20,2.75,0.99,0,,
best app for organizing travel plans,20,1.36,0.38,0,,
best app to organize travel itinerary,20,2.95,0.34,0,,
best app to organize your travel itinerary,20,0,0.07,0,,
best apps for organizing travel,20,2.23,0.32,0,,
best apps for organizing travel information,20,0,0.33,0,,
group travel organizer app,20,0,0.29,0,,
travel app organizer,20,0,0.39,0,,
travel document organizer app,20,0,0.33,0,,
travel receipt organizer app,20,4.21,0.99,0,,
