Keyword,Search Volume,CPC,Competition,Keyword Difficulty Index,Intent,Keywords SERP Features,Related Relevance
travel doc,1300,3.98,0.12,65,1,"7,9,36",0.25
traveldc,210,1.2,0.62,60,2,"6,7,9,36",0.25
app for customs,70,3.59,0.1,68,1,"7,9,21,36,45,52",0.2
digital passport usa,210,0,0.01,83,1,"7,9,20,21,36,38,43,52",0.2
immigration pass,50,0,0.33,72,1,"9,20,36,52",0.2
passport apps,1000,1.76,0.69,52,1,"7,9,20,21,36",0.2
passport mobile app,210,1,0.18,51,1,"7,9,20,21,36",0.2
travel application,1000,2.07,0.43,76,1,"7,9,20,21,36,52",0.2
traveldoc,1600,2.71,0.33,43,2,"6,7,9,21,36",0.2
traveldoc usa,260,0.57,0.33,86,2,"6,9,36",0.2
travels doc,50,1.2,0.62,73,1,"7,9,36",0.2
us travel app,40,0.63,0.1,56,1,"9,20,21,36,45,52",0.2
usa passport app,30,1.06,0.53,63,1,"6,7,9,20,21,36,52",0.2
american passport control,50,1.04,0.03,79,1,"6,7,9,21,36,52",0.15
app airport,110,0.47,0.26,61,1,"6,7,9,21,36,52",0.15
app for customs usa,90,0.21,0.03,69,1,"7,9,20,21,36,45,52",0.15
app for immigration,140,2.49,0.13,64,1,"7,9,20,21,36,38,45,52",0.15
app for international travel,40,2.79,0.18,61,1,"6,7,9,21,36,51,52",0.15
app for us,260,2.21,0.02,45,1,"7,9,20,21,36,45,52",0.15
app for us customs entry,50,0,0.01,51,1,"7,9,21,36,45,52",0.15
app to get through customs faster,40,0,0.33,35,1,"7,21,36,45,52",0.15
cbp app immigration,40,0,0.33,68,1,"7,9,21,36,52",0.15
cbp apps,590,2.88,0.04,74,"2,3","6,7,21,36,52",0.15
cbp global entry app,30,4.08,0.06,52,1,"7,9,21,36,52",0.15
cbp link border crossing app,50,0,0.33,55,1,"7,9,21,36,52",0.15
