Keyword,Search Volume,CPC,Competition,Keyword Difficulty Index,Intent
what is itinerary travel,1600,0,0.33,36,1
what are travel itineraries,1000,0,0.33,38,1
what is a travel itinerary,880,0,0.33,50,1
how to make a travel itinerary,590,0.72,0.69,51,1
what is travel itinerary,480,0,0.33,38,1
what does travel itinerary mean,390,0,0.33,29,1
what is a itinerary when travelling,320,0,0.33,40,1
how to create travel itinerary,170,1.28,0.57,49,1
what is a ticketed return travel itinerary,140,0,0.33,6,1
how to create a travel itinerary,110,0.69,0.44,50,1
how to create a travel allowance itinerary in concur,70,0,0.03,19,1
how to create a travel itinerary in google docs,70,0,0,29,1
how to plan travel itinerary,70,1.16,0.27,40,1
a perfect punta cana travel itinerary,50,0,0,15,1
how to create a personalized travel itinerary,50,0,0,59,1
how to create a travel itinerary in google maps,50,0,0.01,22,1
how to create travel allowance itinerary in concur,50,0,0.1,15,1
how to make a itinerary for travel,50,1.23,0.6,57,1
can you make me a travel itinerary,40,0,0,0,
how corporate clients manage multiple travelers on one itinerary,40,0,0,10,1
how do luxury travel companies create tailor made itineraries,40,0,0,21,1
how to export travel itinerary as pdf,40,0,0,3,1
how to make travel itinerary,40,1.28,0.57,37,1
what does itinerary mean in travel,40,0,0.33,34,1
what is itinerary in travel,40,0,0.33,0,
