Url,Number of Keywords,Traffic,Traffic (%)
https://www.tripit.com/web,1799,24146,70.90
https://www.tripit.com/account/login,22,1944,5.70
https://www.tripit.com/pro,123,998,2.93
https://www.tripit.com/web/blog/travel-tips/online-passport-renewal,226,912,2.67
https://www.tripit.com/web/blog/travel-tips/power-banks-rules-airlines,228,584,1.71
https://www.tripit.com/pointtracker,48,449,1.31
https://www.tripit.com/web/free,385,422,1.23
https://www.tripit.com/de/web/free/road-trip-planner,2,387,1.13
https://www.tripit.com/,53,352,1.03
https://www.tripit.com/web/tripcase,34,351,1.03
https://www.tripit.com/web/pro/pricing,65,279,0.81
https://www.tripit.com/web/blog/travel-tips/best-carry-on-luggage,7,272,0.79
https://www.tripit.com/web/blog/travel-tips/how-early-to-get-to-airport,76,255,0.74
https://www.tripit.com/web/blog/travel-tips/tips-for-flying-standby,37,241,0.70
https://help.tripit.com/en/support/solutions/articles/103000063375-interactive-airport-maps,28,216,0.63
https://help.tripit.com/en/support/solutions/articles/103000063275-adding-travel-plans-to-tripit,87,205,0.60
https://www.tripit.com/web/blog/travel-tips/9-steps-to-take-when-your-luggage-is-lost,138,122,0.35
https://help.tripit.com/en/support/solutions/articles/103000063398-seat-maps-seat-tracker,121,117,0.34
https://www.tripit.com/trips,56,98,0.28
https://www.tripit.com/web/blog/airport-guides/sky-harbor-international-airport-phoenix-guide,136,93,0.27
https://www.tripit.com/oauth/signIn,13,92,0.27
https://help.tripit.com/en/support/solutions/articles/103000063295-sign-in-or-out-of-your-account,10,83,0.24
https://www.tripit.com/web/blog/travel-tips/chicago-midway-international-airport-guide-mdw,57,82,0.24
https://www.tripit.com/web/pro/sap-concur,22,76,0.22
https://www.tripit.com/web/blog/city-guides/city-break-providence,13,75,0.22
https://help.tripit.com/en/support/solutions/articles/103000063336-authorizing-inbox-sync,35,63,0.18
https://www.tripit.com/web/pro,35,63,0.18
https://m.tripit.com/trips,27,62,0.18
https://www.tripit.com/web/blog/travel-tips/missed-your-flight-heres-what-to-do-now,65,51,0.14
https://www.tripit.com/web/blog/city-guides/city-break-halifax,2,50,0.14
