Keyword,Position,Search Volume,CPC,Url,Traffic,Keyword Difficulty,Intents
itinerary,2,135000,1.70,https://wanderlog.com/,5940,80.00,1
itenerary,3,8100,1.70,https://wanderlog.com/,356,60.00,1
travel planner,1,8100,1.87,https://wanderlog.com/,1069,67.00,1
wonderlog,1,6600,2.30,https://wanderlog.com/,5280,42.00,2
travel map,13,6600,0.87,https://wanderlog.com/,33,53.00,1
travel map,9,6600,0.87,https://wanderlog.com/,125,53.00,1
travel itinerary,1,5400,1.83,https://wanderlog.com/,712,66.00,1
vacation planner,1,5400,1.72,https://wanderlog.com/,712,67.00,1
trip plans,9,5400,1.20,https://wanderlog.com/,102,73.00,1
holicay com,14,4400,2.60,https://wanderlog.com/,3,35.00,2
trip planning,1,4400,1.20,https://wanderlog.com/,580,46.00,1
trip planner trip planner,2,4400,1.20,https://wanderlog.com/,286,72.00,1
itinerary planner,1,3600,1.34,https://wanderlog.com/,475,73.00,
travel planning,2,3600,1.87,https://wanderlog.com/,295,50.00,
itineraries,3,3600,1.70,https://wanderlog.com/,126,46.00,1
calendar travel,5,3600,1.24,https://wanderlog.com/,86,25.00,1
map a trip,9,2900,0.87,https://wanderlog.com/,37,83.00,"0,1"
travel itinerary planner,1,2900,1.34,https://wanderlog.com/,382,76.00,1
how to plan a trip,7,2900,1.41,https://wanderlog.com/,69,48.00,1
plan my trip,20,2900,1.31,https://wanderlog.com/,4,54.00,1
plan my road trip,11,2900,0.96,https://wanderlog.com/,20,54.00,1
best travel apps for planning,1,2900,1.14,https://wanderlog.com/,382,45.00,0
travel calendar,1,2400,1.24,https://wanderlog.com/,316,31.00,"0,1"
trip planner app,2,2400,1.21,https://wanderlog.com/,156,55.00,1
trip itinerary,2,2400,1.66,https://wanderlog.com/,105,56.00,1
itinerary maker,1,2400,1.36,https://wanderlog.com/,595,71.00,1
planification road trip,7,2400,0.96,https://wanderlog.com/,52,49.00,1
iternary,3,2400,1.70,https://wanderlog.com/,84,68.00,1
plan a road trip,10,2400,1.04,https://wanderlog.com/,12,55.00,1
road trip travel planner,8,2400,0.96,https://wanderlog.com/,45,63.00,1
planning a trip,4,1900,1.42,https://wanderlog.com/,83,52.00,1
vacation planning,11,1900,1.72,https://wanderlog.com/,13,58.00,1
itinerary of a trip,2,1900,1.43,https://wanderlog.com/,66,75.00,1
itinerary of travel,1,1900,1.83,https://wanderlog.com/,123,79.00,1
how can i plan a trip,5,1900,1.41,https://wanderlog.com/,57,44.00,1
itinery,3,1900,1.70,https://wanderlog.com/,83,85.00,1
map and trip planner,5,1600,1.33,https://wanderlog.com/,38,69.00,0
road trip planner free,1,1600,1.30,https://wanderlog.com/,211,53.00,1
intinerary,3,1600,2.31,https://wanderlog.com/,70,70.00,1
highway trip planner,19,1600,1.27,https://wanderlog.com/,2,66.00,1
