Position,Domain,Url
1,www.directiveadventure.com,https://www.directiveadventure.com/blog/apps-that-make-trip-planning-successful
2,www.suewherewhywhat.com,https://www.suewherewhywhat.com/trip-planning-websites/
3,www.reddit.com,https://www.reddit.com/r/TravelHacks/comments/13odkq9/what_app_do_you_use_to_plan_your_trips/
4,apps.apple.com,https://apps.apple.com/us/app/wanderlog-travel-planner/id1476732439
5,www.wanderfullyrylie.com,https://www.wanderfullyrylie.com/best-travel-planning-apps-websites/
6,play.google.com,https://play.google.com/store/apps/details?id=com.wanderlog.android&hl=en_US
7,wanderlog.com,https://wanderlog.com/
8,www.tripit.com,https://www.tripit.com/web
9,www.facebook.com,https://www.facebook.com/groups/RickStevesEurope/posts/1729961134386169/
10,www.youtube.com,https://www.youtube.com/watch?v=4Eg0h4utVHo
