domain,domain_ascore,domain_score,matches_num,trip-cache.com,tripsy.app,folio.id,stippl.io,tripit.com
substack.com,87,87,4,0,15,5,5,104
updatestar.com,74,74,4,0,18,11,2,2
crunchbase.com,73,73,4,0,1,1,1,1
alternativeto.net,53,53,4,0,2,2,1,2
saashub.com,37,37,4,0,291,12,105,690
justuseapp.com,34,34,4,0,15,33,36,141
applecensorship.com,25,25,4,0,1,1,1,1
pcmac.download,25,25,4,0,6,1,1,3
appshunter.io,21,21,4,0,1,1,1,1
factchecktool.com,16,16,4,0,33,10,32,34
marlvel.ai,13,13,4,0,3,2,2,3
screenshots.wiki,13,13,4,0,2,3,2,2
sergechel.info,12,12,4,0,1,3,1,1
websitescrawl.com,12,12,4,0,1,1,1,1
pcappcatalog.com,9,9,4,0,1,1,1,2
hunted.space,7,7,4,0,48,6,17,14
blogsphere.top,6,6,4,0,1,2,3,2
buyrankbacklinks.com,6,6,4,0,1,1,1,11
developmentmi.com,6,6,4,0,1,1,2,5
metamagic.top,6,6,4,0,2,2,2,2
pirdu.com,6,6,4,0,1,1,1,3
toparticlesdirectory.com,6,6,4,0,1,1,1,1
webranksite.com,6,6,4,0,1,1,2,4
99bestsite.com,5,5,4,0,1,1,1,1
all-aged-domains.com,5,5,4,0,1,3,1,1
backlinksbank.com,5,5,4,0,1,2,1,5
jobsapp.info,5,5,4,0,1,3,1,1
ranksdirectory.com,5,5,4,0,1,1,1,2
seoarticletime.com,5,5,4,0,1,1,1,1
blinks.sbs,4,4,4,0,1,5,1,2
booksreadr.org,4,4,4,0,2,4,2,2
cindylaup.com,4,4,4,0,1,4,1,1
digitalseotool.com,4,4,4,0,1,1,1,1
domains.com.bz,4,4,4,0,1,3,1,1
factmags.com,4,4,4,0,8,16,4,52
goooogla.com,4,4,4,0,4,4,4,22
homefinance.co.in,4,4,4,0,2,5,1,5
knows.monster,4,4,4,0,2,5,2,2
skylinkseo.site,4,4,4,0,1,1,1,10
wants.cfd,4,4,4,0,1,15,2,2
apppricinglab.com,3,3,4,0,2,2,2,4
daolink.mom,3,3,4,0,2,2,1,11
globalecommerce.org,3,3,4,0,3,7,3,3
indians.cc,3,3,4,0,3,9,3,3
pick4d.live,3,3,4,0,1,1,1,11
seodomains.website,3,3,4,0,3,4,1,2
way2check.cv,3,3,4,0,2,6,2,2
worldbusinesspromote.com,3,3,4,0,1,1,1,11
1000.co.in,2,2,4,0,1,4,1,4
2x9.co,2,2,4,0,1,2,1,1
99backlinksbuy.com,2,2,4,0,1,1,1,11
allbaclinks.com,2,2,4,0,1,1,1,11
alltopleveldomains.space,2,2,4,0,1,3,1,6
allwebsitesdirectory.com,2,2,4,0,3,9,3,3
appwiso.com,2,2,4,0,2,2,2,2
atozbacklinks.com,2,2,4,0,1,1,1,11
backlinkhouse.com,2,2,4,0,1,3,1,5
backlinkon.com,2,2,4,0,1,2,1,5
backlinkshouse.com,2,2,4,0,1,2,1,5
backlinkstree.com,2,2,4,0,1,3,1,5
