domain,domain_ascore,domain_score,matches_num,trip-cache.com,tripsy.app,folio.id,stippl.io
github.com,100,100,1,0,2,0,0
google.com,100,100,2,0,0,5,10
yahoo.com,100,100,2,0,0,16,23
medium.com,98,98,1,0,1,0,0
bing.com,95,95,2,0,0,1,3
uptodown.com,91,91,2,0,0,17,18
linktr.ee,89,89,1,0,2,0,0
substack.com,87,87,3,0,15,5,5
fnac.com,84,84,1,0,0,0,1
scamadviser.com,80,80,1,0,0,18,0
aptoide.com,78,78,1,0,0,0,62
wanderlog.com,77,77,2,0,2,0,1
updatestar.com,74,74,3,0,18,11,2
crunchbase.com,73,73,3,0,1,1,1
mako.co.il,73,73,1,0,1,0,0
washington.edu,73,73,1,0,0,1,0
zoominfo.com,73,73,1,0,0,1,0
ycombinator.com,72,72,2,0,1,0,1
dev.to,69,69,1,0,0,1,0
amebaownd.com,67,67,1,0,0,0,1
g2.com,67,67,1,0,0,1,0
gsu.edu,67,67,1,0,0,1,0
ktla.com,66,66,1,0,1,0,0
informer.com,65,65,1,0,1,0,0
appbrain.com,64,64,1,0,0,1,0
pitchbook.com,64,64,2,0,0,1,1
grokipedia.com,63,63,2,0,0,1,3
icicilombard.com,61,61,1,0,0,0,2
webcatalog.io,60,60,1,0,0,0,44
makeuseof.com,58,58,1,0,1,0,0
margaritavilleresorts.com,57,57,1,0,0,0,1
buzzsprout.com,56,56,1,0,0,1,0
sketch.com,56,56,1,0,1,0,0
podigee.io,55,55,1,0,1,0,0
rtvnoord.nl,55,55,1,0,0,0,1
scam-detector.com,55,55,1,0,0,0,1
yourstory.com,55,55,1,0,1,0,0
atlassian.net,54,54,1,0,0,14,0
csdn.net,54,54,1,0,1,0,0
technologyadvice.com,54,54,1,0,0,0,1
alternativeto.net,53,53,3,0,2,2,1
omny.fm,53,53,1,0,1,0,0
phuket101.net,53,53,1,0,0,0,10
uptimerobot.com,53,53,1,0,1,0,0
raindrop.io,52,52,1,0,1,0,0
buymeacoffee.com,51,51,1,0,0,0,1
dangerous-business.com,51,51,1,0,1,0,0
kit.com,51,51,1,0,0,0,1
msha.ke,51,51,1,0,0,0,1
scoop.it,51,51,1,0,8,0,0
