domain,domain_ascore,backlinks_num,first_seen,last_seen,country
apple.com,100,3,1776651334,1776651334,us
producthunt.com,52,1,1779176622,1779176622,
dataforseo.com,47,1,1789401325,1789401325,de
bye.fyi,24,2,1777799064,1787655596,md
crunch.id,22,1,1790767353,1790767353,gb
seo-revealed.club,14,1,1790203997,1790968098,
southfwb.com,12,1,1789329983,1790835943,
ai-hunt.tech,11,17,1780018831,1787063234,us
forbesstories.com,11,1,1790722365,1790722365,
analyticshaven.top,6,2,1774810923,1784591313,md
anchorurl.cloud,6,1,1789953049,1789953049,md
backlinks-checker.com,6,1,1785054616,1785054616,md
chordmp3.net,6,1,1789643274,1790688247,
creativeposts.top,6,2,1778878322,1787179824,md
dailymusings.top,6,1,1774669999,1784573548,md
drjack.world,6,2,1768053328,1787769781,md
mediaboooster.com,6,1,1788042233,1790996966,
optimizeflow.top,6,1,1774853738,1784875660,md
quero.party,6,2,1770986720,1790090130,md
urls-shortener.eu,6,2,1780769538,1789918656,md
aloysionunes.com,5,1,1788005283,1790276311,
atomizelink.icu,5,2,1775494833,1778163588,md
byteshort.xyz,5,1,1785570953,1785570953,md
domraider.eu.com,5,1,1786648677,1790635336,
domraider.us.com,5,1,1789123482,1790627224,
firstguestpost.com,5,1,1790318171,1790318171,
juaralaundry.com,5,1,1789238924,1790388098,
ku3933net22.click,5,1,1790715336,1790715336,
mytoolist.com,5,1,1777120944,1777821179,
shortenurls.eu,5,1,1772389358,1783539758,md
theforbestimes.com,5,1,1789001481,1790389404,
8coint.com,4,1,1766634698,1776796322,
archive-hu.com,4,1,1787785143,1790047606,
betulcrime.com,4,1,1788255144,1789731568,
domraider.br.com,4,1,1789136388,1790689979,
domraider.it.com,4,1,1786944198,1790858287,
domraider.uk.com,4,1,1789288243,1790750034,
erythromycinonline.site,4,1,1790177759,1790177759,
hostprinter.com,4,1,1789918977,1790652408,
innolope.com,4,1,1784026609,1790552126,
