domain,domain_ascore,domain_score,matches_num,trip-cache.com,tripit.com,wanderlog.com,tripsy.app
github.com,100,100,3,0,19,3,2
medium.com,96,96,3,0,19,15,1
linktr.ee,89,89,3,0,1,55,2
substack.com,87,87,3,0,104,166,15
wanderlog.com,78,78,3,0,4,1,2
crunchbase.com,73,73,3,0,1,1,1
updatestar.com,73,73,3,0,2,1,18
ycombinator.com,73,73,3,0,4,53,1
makeuseof.com,59,59,3,0,7,3,1
alternativeto.net,53,53,3,0,2,1,2
raindrop.io,52,52,3,0,3,26,1
dangerous-business.com,51,51,3,0,1,1,1
beehiiv.com,49,49,3,0,21,36,3
transistor.fm,49,49,3,0,13,2,1
adapty.io,44,44,3,0,3,3,2
bug.hr,44,44,3,0,1,1,1
hashnode.dev,42,42,3,0,5,226,1
gitnux.org,39,39,3,0,176,128,6
saashub.com,37,37,3,0,690,2246,291
sirchandler.com.ar,36,36,3,0,4,2,1
aimojo.io,35,35,3,0,101,27,8
localsinsider.com,35,35,3,0,1,1,3
worldmetrics.org,35,35,3,0,126,92,4
justuseapp.com,34,34,3,0,141,29,15
pilotplans.com,32,32,3,0,9,4,1
podcasts-online.org,32,32,3,0,34,12,5
dejan.ai,31,31,3,0,2,1,1
getnomad.app,30,30,3,0,2,4,2
wifitalents.com,29,29,3,0,93,46,6
stardrift.ai,27,27,3,0,24,26,4
tripfrogapp.com,27,27,3,0,2,1,1
folio.id,26,26,3,0,8,6,1
travelosei.com,26,26,3,0,1,1,1
example3.com,25,25,3,0,1,7,2
pcmac.download,25,25,3,0,3,2,6
tripmemo.app,25,25,3,0,10,12,4
alternative.to,24,24,3,0,3,16,15
desdeelreloj.com,23,23,3,0,1,1,1
wandrly.app,23,23,3,0,16,21,18
appshunter.io,22,22,3,0,1,1,1
altapps.net,21,21,3,0,150,140,131
ipa4fun.com,21,21,3,0,8,10,6
karpo.ai,21,21,3,0,3,8,4
kripto.media,19,19,3,0,3,3,1
mirava.io,19,19,3,0,1,1,1
oltreconfine.net,19,19,3,0,2,1,1
xinquji.com,19,19,3,0,2,4,2
destinations.ai,18,18,3,0,14,6,2
myperfectstay.com,18,18,3,0,2,34,2
mypodcastdata.com,18,18,3,0,20,6,2
