domain,authority_score,links_to_competitors,links_to_tripcache,likely_link_type,notes,as_source
github.com,100,tripit.com:19; wanderlog.com:3; tripsy.app:2,0,open-source / awesome-list mention,"Links to Tripsy (2), TripIt (19), Wanderlog (3). Consider an ""awesome travel tools"" PR or open-sourcing a small parser/tool. [Semrush backlink matrix]",wave1
medium.com,98,tripit.com:19; wanderlog.com:15; tripsy.app:1,0,guest/own article,"TripIt 19, Wanderlog 15, Tripsy 1 links. Publish founder posts (e.g. TripCase shutdown migration guide) with canonical back to site. [Semrush backlink matrix]",wave1
uptodown.com,91,stippl.io:18; folio.id:17,0,Android APK mirror (auto),"Folio 17 / Stippl 18 links; auto-listing, low editorial value. [Semrush backlink matrix]",wave1
substack.com,87,wanderlog.com:166; tripit.com:104; tripsy.app:15; folio.id:5; stippl.io:5,0,newsletter mention (editorial),Many travel/productivity newsletters link to TripIt (104) and Wanderlog (166). Pitch travel/business-travel newsletter writers. [Semrush backlink matrix],wave1
updatestar.com,74,tripsy.app:18; folio.id:11; stippl.io:2; tripit.com:2; wanderlog.com:1,0,software catalog listing,"Lists Tripsy, Folio, Stippl, TripIt, Wanderlog; tripcase.updatestar.com also ranks #5 for ""tripcase"" (SERP file 40). [Semrush backlink matrix]",wave1
crunchbase.com,73,tripsy.app:1; folio.id:1; stippl.io:1; tripit.com:1; wanderlog.com:1,0,company profile,All competitors have a profile; create/complete a TripCache company profile. [Semrush backlink matrix],wave1
ycombinator.com,72,wanderlog.com:53; tripit.com:4; tripsy.app:1; stippl.io:1,0,community launch (Show HN),"news.ycombinator links to Wanderlog (53), TripIt (4), Tripsy, Stippl. A Show HN post is a one-off nofollow but drives referral traffic. [Semrush backlink matrix]",wave1
dev.to,69,folio.id:1,0,developer blog post,Links to Folio; write a build-in-public post about email parsing. [Semrush backlink matrix],wave1
g2.com,67,folio.id:1,0,software review listing,"Links to Folio; g2.com ranks #10 for ""tripit pro"" (SERP file 47). Create a TripCache product profile. [Semrush backlink matrix]",wave1
ktla.com,66,tripsy.app:1,0,local TV/news feature (PR),Links to Tripsy - evidence that consumer-press features are attainable for a small travel app. [Semrush backlink matrix],wave1
informer.com,65,tripsy.app:1,0,software directory,Links to Tripsy. [Semrush backlink matrix],wave1
appbrain.com,64,folio.id:1,0,Android app directory (auto),Auto-listed from Google Play; ensure Play listing is complete. [Semrush backlink matrix],wave1
webcatalog.io,60,stippl.io:44,0,web-app catalog,Stippl has 44 links; also appears in organic competitor list. List TripCache if a web app exists. [Semrush backlink matrix],wave1
makeuseof.com,58,tripit.com:7; wanderlog.com:3; tripsy.app:1,0,tech editorial roundup,"Tech publication linking to TripIt (7), Wanderlog (3), Tripsy (1) - pitch for travel-app roundups. [Semrush backlink matrix]",wave1
technologyadvice.com,54,stippl.io:1,0,software review site,Links to Stippl. [Semrush backlink matrix],wave1
alternativeto.net,53,tripsy.app:2; folio.id:2; tripit.com:2; stippl.io:1; wanderlog.com:1,0,directory / alternatives listing,"Lists TripIt, Wanderlog, Tripsy, Folio, Stippl. seo/backlinks.json says a TripCache listing is already submitted (pending review) - follow up and add TripCase/TripIt/App-in-the-Air ""alternative to"" tags. [Semrush backlink matrix]",wave1
dangerous-business.com,51,tripsy.app:1; tripit.com:1; wanderlog.com:1,0,travel blog roundup,"Travel blog linking to TripIt, Wanderlog and Tripsy - pitch for inclusion in its travel-apps list. [Semrush backlink matrix]",wave1
scoop.it,51,tripsy.app:8,0,content curation,Tripsy has 8 links; low value but easy. [Semrush backlink matrix],wave1
beehiiv.com,49,wanderlog.com:36; tripit.com:21; tripsy.app:3,0,newsletter mention (editorial),"Same pattern as Substack (TripIt 21, Wanderlog 36, Tripsy 3). [Semrush backlink matrix]",wave1
gitnux.org,39,tripit.com:176; wanderlog.com:128; tripsy.app:6,0,statistics/report site citation,"Stats-report site citing TripIt (176) and Wanderlog (128). Earned by publishing original data (e.g. ""how many booking emails a trip generates""). [Semrush backlink matrix]",wave1
saashub.com,37,wanderlog.com:2246; tripit.com:690; tripsy.app:291; stippl.io:105; folio.id:12,0,software directory listing,"Very heavy competitor coverage (Wanderlog 2,246 links, TripIt 690, Tripsy 291). Free listing + ""alternatives"" pages. [Semrush backlink matrix]",wave1
localsinsider.com,35,tripsy.app:3; tripit.com:1; wanderlog.com:1,0,travel blog roundup,"Links to TripIt, Wanderlog, Tripsy (3) - pitch inclusion. [Semrush backlink matrix]",wave1
aimojo.io,35,tripit.com:101; wanderlog.com:27; tripsy.app:8,0,AI tools directory,"Links to TripIt (101), Wanderlog (27), Tripsy (8). Relevant for ""AI travel organizer"" positioning. [Semrush backlink matrix]",wave1
worldmetrics.org,35,tripit.com:126; wanderlog.com:92; tripsy.app:4,0,statistics/report site citation,"Same pattern as gitnux (TripIt 126, Wanderlog 92). [Semrush backlink matrix]",wave1
justuseapp.com,34,tripit.com:141; stippl.io:36; folio.id:33; wanderlog.com:29; tripsy.app:15,0,app review aggregator listing,Auto-generated app pages for TripIt/Folio/Stippl/Tripsy/Wanderlog; usually appears once the app has store reviews - claim/verify listing. [Semrush backlink matrix],wave1
pilotplans.com,32,tripit.com:9; wanderlog.com:4; tripsy.app:1,0,travel planning site / roundup,"Links to TripIt (9), Wanderlog (4), Tripsy (1). [Semrush backlink matrix]",wave1
getnomad.app,30,wanderlog.com:4; tripit.com:2; tripsy.app:2,0,travel app blog,"Links to TripIt, Wanderlog, Tripsy. [Semrush backlink matrix]",wave1
wifitalents.com,29,tripit.com:93; wanderlog.com:46; tripsy.app:6,0,statistics/report site citation,"Same pattern (TripIt 93, Wanderlog 46). [Semrush backlink matrix]",wave1
stardrift.ai,27,wanderlog.com:26; tripit.com:24; tripsy.app:4,0,competitor comparison page,"Small travel app whose ""Stardrift vs TripIt vs Wanderlog"" page ranks #4 for ""wanderlog vs tripit""; links to TripIt (24), Wanderlog (26), Tripsy (4). Model for /compare pages; outreach unlikely. [Semrush backlink matrix]",wave1
tripfrogapp.com,27,tripit.com:2; wanderlog.com:1; tripsy.app:1,0,travel app blog,"Links to TripIt, Wanderlog, Tripsy once each. [Semrush backlink matrix]",wave1
travelosei.com,26,tripit.com:1; wanderlog.com:1; tripsy.app:1,0,travel blog,"Links to TripIt, Wanderlog, Tripsy once each. [Semrush backlink matrix]",wave1
tripmemo.app,25,wanderlog.com:12; tripit.com:10; tripsy.app:4,0,travel app blog / comparison,"Links to TripIt 10, Wanderlog 12, Tripsy 4. [Semrush backlink matrix]",wave1
alternative.to,24,wanderlog.com:16; tripsy.app:15; tripit.com:3,0,alternatives directory,"Links to Wanderlog (16), Tripsy (15), TripIt (3). [Semrush backlink matrix]",wave1
wandrly.app,23,wanderlog.com:21; tripsy.app:18; tripit.com:16,0,travel app blog / comparison,"Links to TripIt 16, Wanderlog 21, Tripsy 18 - probably comparison posts; possible inclusion request. [Semrush backlink matrix]",wave1
altapps.net,21,tripit.com:150; wanderlog.com:140; tripsy.app:131,0,alternatives directory,"Links to TripIt (150), Wanderlog (140), Tripsy (131). [Semrush backlink matrix]",wave1
appshunter.io,21,tripsy.app:1; folio.id:1; stippl.io:1; tripit.com:1; wanderlog.com:1,0,app directory,Links to all four small competitors once each. [Semrush backlink matrix],wave1
destinations.ai,18,tripit.com:14; wanderlog.com:6; tripsy.app:2,0,travel app blog / comparison,"Links to TripIt 14, Wanderlog 6, Tripsy 2. [Semrush backlink matrix]",wave1
myperfectstay.com,18,wanderlog.com:34; tripit.com:2; tripsy.app:2,0,travel blog,"Links to Wanderlog 34, TripIt 2, Tripsy 2. [Semrush backlink matrix]",wave1
hunted.space,7,tripsy.app:48; stippl.io:17; tripit.com:14; folio.id:6,0,Product Hunt stats mirror,Picks up Product Hunt launches (Tripsy 48). TripCache already has a producthunt.com link. [Semrush backlink matrix],wave1
directiveadventure.com,22,mentions competitors on a ranking page (link not verified; authority not pulled),,listicle inclusion,"SERP-derived target: #1 for best travel apps for planning / best travel itinerary app; #3 trip organizer app [Semrush SERP files 40-50, 60-61]",wave2 backlinks_comparison raw/41-43
suewherewhywhat.com,37,mentions competitors on a ranking page (link not verified; authority not pulled),,listicle inclusion,"SERP-derived target: #2 best travel apps for planning; #3 best travel itinerary app [Semrush SERP files 40-50, 60-61]",wave2 backlinks_comparison raw/41-43
wanderingkenzie.com,12,mentions competitors on a ranking page (link not verified; authority not pulled),,listicle inclusion,"SERP-derived target: #1 best travel apps for planning (AU); #4 best travel itinerary app; #7 trip organizer app; also in organic competitor list [Semrush SERP files 40-50, 60-61]",wave2 backlinks_comparison raw/41-43
wanderfullyrylie.com,15,mentions competitors on a ranking page (link not verified; authority not pulled),,listicle inclusion,"SERP-derived target: #5 best travel apps for planning; #9 best travel itinerary app [Semrush SERP files 40-50, 60-61]",wave2 backlinks_comparison raw/41-43
amanda-wanders.com,,mentions competitors on a ranking page (link not verified; authority not pulled),,listicle inclusion,"SERP-derived target: #9-10 best travel apps for planning (AU) [Semrush SERP files 40-50, 60-61]",not pulled (units exhausted)
apurplelife.com,30,mentions competitors on a ranking page (link not verified; authority not pulled),,listicle inclusion / TripCase-replacement mention,"SERP-derived target: #4 for ""tripcase"" with a best-travel-organization-app post; organic competitor (5 shared keywords) [Semrush SERP files 40-50, 60-61]",wave2 backlinks_comparison raw/41-43
effectiveretailleader.com,30,mentions competitors on a ranking page (link not verified; authority not pulled),,request update to add TripCache,"SERP-derived target: #6 for ""tripcase"" - post says TripCase is sunsetting, try TripIt or Tripsy [Semrush SERP files 40-50, 60-61]",wave2 backlinks_comparison raw/41-43
explore.com,42,mentions competitors on a ranking page (link not verified; authority not pulled),,editorial roundup pitch,"SERP-derived target: #9 for wanderlog vs tripit (""we tried popular travel itinerary apps"") [Semrush SERP files 40-50, 60-61]",wave2 backlinks_comparison raw/41-43
thatanxioustraveller.com,32,mentions competitors on a ranking page (link not verified; authority not pulled),,review / alternative mention,"SERP-derived target: #3 for ""tripit pro"" (TripIt Pro review) [Semrush SERP files 40-50, 60-61]",wave2 backlinks_comparison raw/41-43
techtalksummits.com,28,mentions competitors on a ranking page (link not verified; authority not pulled),,review pitch,"SERP-derived target: #7 for ""tripit pro"" (review) [Semrush SERP files 40-50, 60-61]",wave2 backlinks_comparison raw/41-43
worldtraveller73.com,21,mentions competitors on a ranking page (link not verified; authority not pulled),,request update to add alternatives,"SERP-derived target: #5 for ""app in the air"" (shutdown post) [Semrush SERP files 40-50, 60-61]",wave2 backlinks_comparison raw/41-43
travelmassive.com,37,mentions competitors on a ranking page (link not verified; authority not pulled),,community post,"SERP-derived target: #8 for ""app in the air"" (community post) [Semrush SERP files 40-50, 60-61]",wave2 backlinks_comparison raw/41-43
gatherandgotravel.com,37,mentions competitors on a ranking page (link not verified; authority not pulled),,resource link to template,"SERP-derived target: #7/#10 for ""travel itinerary template"" [Semrush SERP files 40-50, 60-61]",wave2 backlinks_comparison raw/41-43
heatheronhertravels.com,48,mentions competitors on a ranking page (link not verified; authority not pulled),,resource link to cancellation calculator,"SERP-derived target: #8 for ""hotel cancellation policy"" (avoid cancellation fees) [Semrush SERP files 40-50, 60-61]",wave2 backlinks_comparison raw/41-43
travelmarketreport.com,40,mentions competitors on a ranking page (link not verified; authority not pulled),,resource link / data source pitch,"SERP-derived target: #4 for ""hotel cancellation policy"" (chain policies list) [Semrush SERP files 40-50, 60-61]",wave2 backlinks_comparison raw/41-43
brooksreview.net,36,mentions competitors on a ranking page (link not verified; authority not pulled),,review pitch,"SERP-derived target: #4 for ""wanderlog reviews"" [Semrush SERP files 40-50, 60-61]",wave2 backlinks_comparison raw/41-43
gr8traveltips.com,21,mentions competitors on a ranking page (link not verified; authority not pulled),,review / roundup pitch,"SERP-derived target: #10 for ""wanderlog reviews"" [Semrush SERP files 40-50, 60-61]",wave2 backlinks_comparison raw/41-43
whistleout.com,51,mentions competitors on a ranking page (link not verified; authority not pulled),,app review pitch,"SERP-derived target: #3 for ""wanderlog reviews"" (app review) [Semrush SERP files 40-50, 60-61]",wave2 backlinks_comparison raw/41-43
