domain,AS,url,top_keyword,keywords_count,traffic,content_type
directiveadventure.com,22,https://www.directiveadventure.com/blog/apps-that-make-trip-planning-successful,"best travel apps for planning (#1, 2900/mo)",6,n/p (resource_organic_unique not pulled: units exhausted),Personal travel blog: first-person app listicle | ranks for: best travel apps for planning #1; best travel planning apps #3; trip organizer app #3; travel itinerary app #6; best travel itinerary app #1; best travel organizer app #6
wanderingkenzie.com,12,https://www.wanderingkenzie.com/travel-planning-apps/,"best travel planning apps (#4, 1300/mo)",4,n/p (resource_organic_unique not pulled: units exhausted),Personal travel blog: first-person app listicle | ranks for: best travel planning apps #4; trip organizer app #7; best travel itinerary app #4; best travel organizer app #4
tripstone.app,11,https://tripstone.app/blog/travel-itinerary-template,"travel itinerary template google docs (#7, 1900/mo)",3,n/p (resource_organic_unique not pulled: units exhausted),App blog: template roundup with free Docs/Sheets copies + own-app CTA | ranks for: travel itinerary template google docs #7; google doc itinerary template #9; travel itinerary template google sheets #2
wanderfullyrylie.com,15,https://www.wanderfullyrylie.com/best-travel-planning-apps-websites/,"best travel apps for planning (#5, 2900/mo)",3,n/p (resource_organic_unique not pulled: units exhausted),Personal travel blog: apps + websites listicle | ranks for: best travel apps for planning #5; best travel apps #9; best travel itinerary app #9
flighttime-calculator.com,22,https://flighttime-calculator.com/,"flight time calculator (#6, 3600/mo)",3,n/p (resource_organic_unique not pulled: units exhausted),Single-purpose calculator tool | ranks for: flight time calculator #6; flight time estimator #8; flight arrival time calculator #1
flighttimecalculator.org,28,https://www.flighttimecalculator.org/,"flight time calculator (#4, 3600/mo)",3,n/p (resource_organic_unique not pulled: units exhausted),Single-purpose calculator tool | ranks for: flight time calculator #4; flight time estimator #5; flight arrival time calculator #4
wanderingnomada.com,14,https://wanderingnomada.com/my-top-10-travel-apps/,"travel apps (#1, 9900/mo)",2,n/p (resource_organic_unique not pulled: units exhausted),"Personal travel blog: ""my top 10"" apps listicle | ranks for: travel apps #1; best travel apps #1"
thattravelitch.com,26,https://thattravelitch.com/en/travelling/excel-travel-itinerary-template,"vacation itinerary template (#10, 1600/mo)",2,n/p (resource_organic_unique not pulled: units exhausted),Personal travel blog: downloadable Excel template | ranks for: vacation itinerary template #10; travel itinerary template excel #1
techtalksummits.com,28,https://techtalksummits.com/news/articles/tripit-pro-and-tripit-review-one-essential-app-to-rule-all-your-travel-info,"tripit pro (#7, 1900/mo)",2,n/p (resource_organic_unique not pulled: units exhausted),Small tech news site: app review | ranks for: tripit pro #7; tripit pro cost #5
jetlagcalculator.net,2,http://jetlagcalculator.net/,"jet lag calculator (#10, 1000/mo)",1,n/p (resource_organic_unique not pulled: units exhausted),Exact-match-domain calculator tool | ranks for: jet lag calculator #10
tripcase.app,10,https://tripcase.app/,"tripcase (#2, 1300/mo)",1,n/p (resource_organic_unique not pulled: units exhausted),Lookalike/brand-name domain | ranks for: tripcase #2
travo.me,10,https://travo.me/tripcase-alternative,"tripcase alternative (#7, 170/mo)",1,n/p (resource_organic_unique not pulled: units exhausted),"Competing app: ""X alternative"" landing page | ranks for: tripcase alternative #7"
calcmaster.org,10,https://calcmaster.org/calculator/flight-timezone,"flight arrival time calculator (#3, 70/mo)",1,n/p (resource_organic_unique not pulled: units exhausted),Calculator-directory tool page | ranks for: flight arrival time calculator #3
tripstone.app,11,https://tripstone.app/blog/wanderlog-vs-tripit,"wanderlog vs tripit (#7, 4400/mo)",1,n/p (resource_organic_unique not pulled: units exhausted),App blog: head-to-head competitor comparison | ranks for: wanderlog vs tripit #7
pyllola.com,11,https://www.pyllola.com/universal-jet-lag-calculator,"jet lag calculator (#7, 1000/mo)",1,n/p (resource_organic_unique not pulled: units exhausted),Single-purpose calculator tool | ranks for: jet lag calculator #7
traventmug.com,11,https://traventmug.com/what-is-itinerary-in-tourism-why-and-what-it-includes/,"what is itinerary travel (#5, 1600/mo)",1,n/p (resource_organic_unique not pulled: units exhausted),Small site: definitional explainer | ranks for: what is itinerary travel #5
thejoyfulsort.com,11,https://www.thejoyfulsort.com/blog/the-joyful-sort-top-5-apps-for-organization,"best organization apps (#1, 1900/mo)",1,n/p (resource_organic_unique not pulled: units exhausted),Small business blog: top-5 apps listicle | ranks for: best organization apps #1
trizzletravels.com,12,https://trizzletravels.com/best-road-trip-apps/,"best road trip apps (#4, 2400/mo)",1,n/p (resource_organic_unique not pulled: units exhausted),Personal travel blog: road-trip apps listicle | ranks for: best road trip apps #4
hittheroadket.com,15,https://hittheroadket.com/must-have-travel-apps/,"best travel apps (#7, 1300/mo)",1,n/p (resource_organic_unique not pulled: units exhausted),Personal travel blog: must-have apps listicle | ranks for: best travel apps #7
monkeyeatingmango.com,15,https://monkeyeatingmango.com/blog/wanderlog-pricing-2026/,"wanderlog pro cost (#3, 6600/mo)",1,n/p (resource_organic_unique not pulled: units exhausted),Small blog: competitor pricing explainer (dated title) | ranks for: wanderlog pro cost #3
monkeyeatingmango.com,15,https://monkeyeatingmango.com/blog/wanderlog-alternatives-2026/,"wanderlog pro cost (#7, 6600/mo)",1,n/p (resource_organic_unique not pulled: units exhausted),Small blog: competitor alternatives listicle (dated title) | ranks for: wanderlog pro cost #7
tineo.ai,18,https://tineo.ai/blog/tripit-pro-vs-free-worth-it/,"tripit pro cost (#3, 170/mo)",1,n/p (resource_organic_unique not pulled: units exhausted),Competing app blog: competitor Pro-vs-free pricing explainer | ranks for: tripit pro cost #3
cm-eventsolutions.com,18,https://www.cm-eventsolutions.com/blog/7-apps-to-help-streamline-your-business-travel/,"business travel app (#4, 260/mo)",1,n/p (resource_organic_unique not pulled: units exhausted),Small B2B blog: business travel apps listicle | ranks for: business travel app #4
blueplanit.co,20,https://blueplanit.co/blog/wanderlog-vs-tripit,"wanderlog vs tripit (#8, 4400/mo)",1,n/p (resource_organic_unique not pulled: units exhausted),App blog: head-to-head competitor comparison | ranks for: wanderlog vs tripit #8
blueplanit.co,20,https://blueplanit.co/blog/google-sheets-travel-planner-template,"travel itinerary template google sheets (#6, 1300/mo)",1,n/p (resource_organic_unique not pulled: units exhausted),App blog: downloadable Google Sheets template | ranks for: travel itinerary template google sheets #6
gr8traveltips.com,21,https://gr8traveltips.com/wanderlog/,"wanderlog reviews (#10, 12100/mo)",1,n/p (resource_organic_unique not pulled: units exhausted),Small travel blog: app review | ranks for: wanderlog reviews #10
worldtraveller73.com,21,https://worldtraveller73.com/2024/09/26/app-in-the-air-shuts-down-what-users-need-to-know/,"app in the air (#5, 590/mo)",1,n/p (resource_organic_unique not pulled: units exhausted),Personal travel blog: App in the Air alternatives post | ranks for: app in the air #5
rainbowbreeze.it,22,https://rainbowbreeze.it/tripit-worldmate-tripcase-kayak-trips-my-review-of-travel-planner-apps/,"tripit alternative (#10, 90/mo)",1,n/p (resource_organic_unique not pulled: units exhausted),Personal blog: hands-on review of several apps | ranks for: tripit alternative #10
wandrly.app,23,https://www.wandrly.app/alternatives/tripit,"tripit alternative (#9, 90/mo)",1,n/p (resource_organic_unique not pulled: units exhausted),"Competing app: ""/alternatives/X"" landing page | ranks for: tripit alternative #9"
humancharger.com,23,https://humancharger.com/pages/overview-of-online-jet-lag-calculators,"jet lag calculator (#9, 1000/mo)",1,n/p (resource_organic_unique not pulled: units exhausted),Product brand: roundup of calculator tools | ranks for: jet lag calculator #9
edgevenues.com,25,https://edgevenues.com/the-word/the-word-not-used/industry-news/hilton-implements-new-guarantee-and-cancellation-policy/,"hilton cancellation policy (#7, 1000/mo)",1,n/p (resource_organic_unique not pulled: units exhausted),Small trade blog: policy news | ranks for: hilton cancellation policy #7
folio.id,26,https://folio.id/en/blog/tripcase-alternative/,"tripcase (#9, 1300/mo)",1,n/p (resource_organic_unique not pulled: units exhausted),Competing app blog: alternative post | ranks for: tripcase #9
geotimedate.org,26,https://geotimedate.org/flight-time-calculator/,"flight time calculator (#9, 3600/mo)",1,n/p (resource_organic_unique not pulled: units exhausted),Single-purpose calculator tool | ranks for: flight time calculator #9
folio.id,26,https://folio.id/en/trip-planner-app/,"travel document app (#8, 90/mo)",1,n/p (resource_organic_unique not pulled: units exhausted),Competing app: product landing page | ranks for: travel document app #8
lambus.com,26,https://www.lambus.com/blog/2025/05/15/tripcase-is-shutting-down-discover-the-best-alternative,"tripcase alternative (#8, 170/mo)",1,n/p (resource_organic_unique not pulled: units exhausted),Competing app blog: shutdown/alternative post | ranks for: tripcase alternative #8
folio.id,26,https://folio.id/en/blog/digital-passport-copies/,"digital copy of passport (#5, 170/mo)",1,n/p (resource_organic_unique not pulled: units exhausted),Competing app blog: how-to guide (digital passport copies) | ranks for: digital copy of passport #5
retimer.com.au,26,https://www.retimer.com.au/jet-lag-calculator/,"jet lag calculator (#8, 1000/mo)",1,n/p (resource_organic_unique not pulled: units exhausted),Product brand: calculator tool | ranks for: jet lag calculator #8
netafri.com,26,https://www.netafri.com/travel-itinerary/,"what is itinerary travel (#9, 1600/mo)",1,n/p (resource_organic_unique not pulled: units exhausted),Small site: definitional explainer | ranks for: what is itinerary travel #9
stardrift.ai,27,https://stardrift.ai/resources/stardrift-vs-tripit-vs-wanderlog-organizing-bookings/,"wanderlog vs tripit (#4, 4400/mo)",1,n/p (resource_organic_unique not pulled: units exhausted),Competing app: 3-way comparison incl. itself | ranks for: wanderlog vs tripit #4
carinsurent.com,27,https://carinsurent.com/car-rental/enterprise-cancellation-policy-your-guide-to-modifications-and-refunds/,"enterprise cancellation policy (#8, 2400/mo)",1,n/p (resource_organic_unique not pulled: units exhausted),Small niche blog: brand cancellation-policy guide | ranks for: enterprise cancellation policy #8
theprocesshacker.com,28,https://theprocesshacker.com/blog/wanderlog-review,"wanderlog pro cost (#10, 6600/mo)",1,n/p (resource_organic_unique not pulled: units exhausted),Small blog: app review | ranks for: wanderlog pro cost #10
wandererscompass.com,29,https://www.wandererscompass.com/travel-tips-and-resources/best-travel-apps/,"travel apps (#10, 9900/mo)",1,n/p (resource_organic_unique not pulled: units exhausted),Personal travel blog: best travel apps listicle | ranks for: travel apps #10
