cluster,question,volume_us,kd
check-in reminders,when does online check in open,20,n/c
email-to-itinerary,how do i email itinerary to tripit,20,n/c
email-to-itinerary,how to email delta itinerary,20,n/c
email-to-itinerary,how to email expedia itinerary,20,n/c
email-to-itinerary,how to email flight itinerary,20,n/c
email-to-itinerary,how to email itinerary from expedia,20,n/c
email-to-itinerary,how to email itinerary to tripit,20,n/c
email-to-itinerary,how to send itinerary email in amadeus,20,n/c
hotel cancellation policy,how to cancel expedia hotel,720,41
hotel cancellation policy,how do i cancel an expedia hotel reservation,260,34
hotel cancellation policy,how do you cancel a hotel reservation on expedia,260,38
hotel cancellation policy,can you cancel hotel reservations,210,30
hotel cancellation policy,how to cancel booking.com reservation,140,36
itinerary template,how to create a travel itinerary in google docs,70,29
itinerary template / pdf export,how to export travel itinerary as pdf,40,3
share itinerary (DO NOT TARGET - feature unsafe),how to share united airlines itinerary,40,25
share itinerary (DO NOT TARGET - feature unsafe),how to share tripit itinerary,30,n/c
share itinerary (DO NOT TARGET - feature unsafe),how do i share my carnival cruise itinerary,20,n/c
share itinerary (DO NOT TARGET - feature unsafe),how do i share my expedia itinerary,20,n/c
share itinerary (DO NOT TARGET - feature unsafe),how do i share my flight itinerary,20,n/c
share itinerary (DO NOT TARGET - feature unsafe),how to share airbnb itinerary,20,n/c
share itinerary (DO NOT TARGET - feature unsafe),how to share american airlines itinerary,20,n/c
share itinerary (DO NOT TARGET - feature unsafe),how to share carnival cruise itinerary,20,n/c
travel expense report,what travel expenses are tax deductible for self-employed,390,31
travel history (visa / I-94),how to check my passport travel history,210,29
travel history (visa / I-94),how to find my travel history,30,n/c
travel itinerary (what is / how to make),how to plan a trip,2900,48
travel itinerary (what is / how to make),how can i plan a trip,1900,44
travel itinerary (what is / how to make),what is itinerary travel,1600,36
travel itinerary (what is / how to make),what are travel itineraries,1000,38
travel itinerary (what is / how to make),what is a travel itinerary,880,50
travel itinerary (what is / how to make),how to make a travel itinerary,590,51
travel itinerary (what is / how to make),what is travel itinerary,480,38
travel itinerary (what is / how to make),what does travel itinerary mean,390,29
travel itinerary (what is / how to make),what is a itinerary when travelling,320,40
travel itinerary (what is / how to make),how to create travel itinerary,170,49
travel itinerary (what is / how to make),what is a ticketed return travel itinerary,140,6
travel itinerary (what is / how to make),how to create a travel itinerary,110,50
travel itinerary (what is / how to make),how to plan travel itinerary,70,40
travel itinerary (what is / how to make),how to create a personalized travel itinerary,50,59
travel itinerary (what is / how to make),how to create a travel itinerary in google maps,50,22
travel itinerary (what is / how to make),how to make a itinerary for travel,50,57
travel itinerary (what is / how to make),how to make travel itinerary,40,37
travel itinerary (what is / how to make),what does itinerary mean in travel,40,34
travel itinerary (what is / how to make),what is itinerary in travel,40,n/c
travel-day questions (TripIt traffic model),what happens if you miss your flight,3600,21
travel-day questions (TripIt traffic model),can you bring portable charger on plane,2400,30
travel-day questions (TripIt traffic model),what happens if i miss my flight,1300,22
travel-day questions (TripIt traffic model),what happens if you miss a flight,880,30
tripcase,what happened to tripcase,20,n/c
tripit (how it works),what is tripit,390,45
tripit (how it works),what are tripitas,210,31
tripit (how it works),how does tripit work,140,31
tripit (how it works),how to use tripit,140,23
tripit pro,what is tripit pro,260,31
tripit pro,how much is tripit pro,110,33
tripit pro,is tripit free,90,30
wanderlog (pricing / vs tripit),is wanderlog free,260,33
wanderlog (pricing / vs tripit),what is wanderlog,140,20
