keyword,volume_us,trend_12m,peak_months
travel itinerary template,90500,"Jun25:0.03,Jul25:0.04,Aug25:0.04,Sep25:0.13,Oct25:0.03,Nov25:0.07,Dec25:0.16,Jan26:0.36,Feb26:1.00,Mar26:0.16,Apr26:0.81,May26:0.54","Feb26 Apr26 | shape=RISING; implied peak-month ~322255/mo, May26 ~174018/mo"
gsa per diem,33100,"Jun25:0.66,Jul25:0.66,Aug25:0.44,Sep25:0.66,Oct25:0.36,Nov25:0.36,Dec25:0.36,Jan26:0.44,Feb26:0.66,Mar26:0.81,Apr26:0.66,May26:0.66","Jun25 Jul25 Sep25 Feb26 Mar26 Apr26 May26 | shape=seasonal; implied peak-month ~47806/mo, May26 ~38953/mo"
per diem rates,18100,"Jun25:0.54,Jul25:0.81,Aug25:0.54,Sep25:0.67,Oct25:0.67,Nov25:0.44,Dec25:0.36,Jan26:0.67,Feb26:0.54,Mar26:0.54,Apr26:0.67,May26:0.54","Jul25 Sep25 Oct25 Jan26 Apr26 | shape=seasonal; implied peak-month ~25169/mo, May26 ~16779/mo"
wanderlog reviews,12100,"Jun25:0.00,Jul25:0.00,Aug25:0.00,Sep25:0.00,Oct25:0.00,Nov25:0.00,Dec25:0.00,Jan26:0.00,Feb26:0.16,Mar26:0.16,Apr26:1.00,May26:0.11","Apr26 | shape=SPIKE (one-off month; 12-mo avg unreliable); implied peak-month ~101538/mo, May26 ~11169/mo"
trip itinerary template,9900,"Jun25:0.44,Jul25:0.66,Aug25:0.44,Sep25:0.54,Oct25:0.44,Nov25:0.36,Dec25:0.54,Jan26:0.44,Feb26:0.36,Mar26:0.54,Apr26:0.44,May26:0.44","Jul25 Sep25 Dec25 Mar26 | shape=flat; implied peak-month ~13902/mo, May26 ~9268/mo"
travel apps,9900,"Jun25:0.19,Jul25:0.13,Aug25:0.13,Sep25:0.10,Oct25:0.08,Nov25:0.05,Dec25:0.08,Jan26:0.10,Feb26:0.67,Mar26:1.00,Apr26:0.54,May26:0.67","Mar26 | shape=RISING; implied peak-month ~31765/mo, May26 ~21282/mo"
airbnb cancellation policy,6600,"Jun25:0.54,Jul25:0.54,Aug25:0.44,Sep25:0.36,Oct25:0.36,Nov25:0.36,Dec25:0.36,Jan26:0.44,Feb26:0.36,Mar26:0.44,Apr26:0.36,May26:0.36","Jun25 Jul25 Aug25 Jan26 Mar26 | shape=flat; implied peak-month ~8693/mo, May26 ~5795/mo"
wanderlog pro cost,6600,"Jun25:0.00,Jul25:0.00,Aug25:0.00,Sep25:0.00,Oct25:0.00,Nov25:0.00,Dec25:0.00,Jan26:0.00,Feb26:0.00,Mar26:1.00,Apr26:0.00,May26:0.00","Mar26 | shape=SPIKE (one-off month; 12-mo avg unreliable); implied peak-month ~79200/mo, May26 ~0/mo"
wanderlog vs tripit,4400,"Jun25:0.01,Jul25:0.01,Aug25:0.01,Sep25:0.00,Oct25:0.00,Nov25:0.00,Dec25:0.00,Jan26:0.00,Feb26:0.01,Mar26:1.00,Apr26:0.03,May26:0.05","Mar26 | shape=SPIKE (one-off month; 12-mo avg unreliable); implied peak-month ~47143/mo, May26 ~2357/mo"
flight time calculator,3600,"Jun25:0.81,Jul25:1.00,Aug25:0.66,Sep25:0.54,Oct25:0.54,Nov25:0.54,Dec25:0.36,Jan26:0.43,Feb26:0.43,Mar26:0.43,Apr26:0.43,May26:0.54","Jun25 Jul25 | shape=seasonal; implied peak-month ~6438/mo, May26 ~3477/mo"
expedia cancellation policy,3600,"Jun25:0.16,Jul25:0.19,Aug25:0.24,Sep25:0.19,Oct25:0.16,Nov25:0.16,Dec25:0.16,Jan26:0.16,Feb26:0.13,Mar26:0.16,Apr26:0.16,May26:0.16","Aug25 | shape=flat; implied peak-month ~5107/mo, May26 ~3405/mo"
best travel apps for planning,2900,"Jun25:0.00,Jul25:0.00,Aug25:0.00,Sep25:0.36,Oct25:0.44,Nov25:0.44,Dec25:0.00,Jan26:0.00,Feb26:1.00,Mar26:0.19,Apr26:0.01,May26:0.00","Feb26 | shape=SPIKE (one-off month; 12-mo avg unreliable); implied peak-month ~14262/mo, May26 ~0/mo"
booking.com cancellation policy,2900,"Jun25:0.43,Jul25:1.00,Aug25:0.36,Sep25:0.54,Oct25:0.24,Nov25:0.19,Dec25:0.19,Jan26:0.28,Feb26:0.36,Mar26:0.36,Apr26:0.36,May26:0.54","Jul25 | shape=seasonal; implied peak-month ~7175/mo, May26 ~3875/mo"
per diem calculator,2900,"Jun25:0.53,Jul25:0.44,Aug25:0.44,Sep25:0.53,Oct25:0.66,Nov25:0.44,Dec25:0.35,Jan26:0.66,Feb26:0.66,Mar26:0.66,Apr26:0.66,May26:0.66","Jun25 Sep25 Oct25 Jan26 Feb26 Mar26 Apr26 May26 | shape=flat; implied peak-month ~3433/mo, May26 ~3433/mo"
vrbo cancellation policy,2400,"Jun25:0.65,Jul25:0.81,Aug25:0.54,Sep25:0.54,Oct25:0.43,Nov25:0.43,Dec25:0.54,Jan26:0.65,Feb26:0.54,Mar26:0.65,Apr26:0.54,May26:0.65","Jun25 Jul25 Jan26 Mar26 May26 | shape=flat; implied peak-month ~3347/mo, May26 ~2686/mo"
best road trip apps,2400,"Jun25:0.04,Jul25:0.05,Aug25:0.03,Sep25:0.03,Oct25:0.01,Nov25:0.19,Dec25:0.10,Jan26:0.04,Feb26:1.00,Mar26:0.24,Apr26:0.03,May26:0.00","Feb26 | shape=SPIKE (one-off month; 12-mo avg unreliable); implied peak-month ~16364/mo, May26 ~0/mo"
enterprise cancellation policy,2400,"Jun25:1.00,Jul25:0.79,Aug25:0.79,Sep25:0.79,Oct25:0.79,Nov25:1.00,Dec25:1.00,Jan26:1.00,Feb26:0.79,Mar26:1.00,Apr26:1.00,May26:1.00","Jun25 Nov25 Dec25 Jan26 Mar26 Apr26 May26 | shape=flat; implied peak-month ~2630/mo, May26 ~2630/mo"
travel itinerary template google docs,1900,"Jun25:0.44,Jul25:1.00,Aug25:0.52,Sep25:0.36,Oct25:0.27,Nov25:0.52,Dec25:0.36,Jan26:0.27,Feb26:0.44,Mar26:0.52,Apr26:0.52,May26:0.44","Jul25 | shape=seasonal; implied peak-month ~4028/mo, May26 ~1772/mo"
google doc itinerary template,1900,"Jun25:0.44,Jul25:1.00,Aug25:0.66,Sep25:0.44,Oct25:0.36,Nov25:0.13,Dec25:0.24,Jan26:0.80,Feb26:0.27,Mar26:0.66,Apr26:0.36,May26:0.44","Jul25 Jan26 | shape=seasonal; implied peak-month ~3931/mo, May26 ~1730/mo"
tripit pro,1900,"Jun25:0.66,Jul25:0.66,Aug25:0.66,Sep25:0.66,Oct25:0.52,Nov25:0.44,Dec25:0.52,Jan26:0.52,Feb26:0.52,Mar26:0.52,Apr26:0.27,May26:0.27","Jun25 Jul25 Aug25 Sep25 | shape=seasonal; implied peak-month ~2419/mo, May26 ~990/mo"
best organization apps,1900,"Jun25:0.02,Jul25:0.03,Aug25:0.03,Sep25:0.08,Oct25:0.03,Nov25:0.03,Dec25:0.02,Jan26:0.03,Feb26:0.02,Mar26:0.24,Apr26:1.00,May26:0.81","Apr26 May26 | shape=RISING; implied peak-month ~9744/mo, May26 ~7892/mo"
vacation itinerary template,1600,"Jun25:0.65,Jul25:0.82,Aug25:0.44,Sep25:0.44,Oct25:0.44,Nov25:0.34,Dec25:0.34,Jan26:0.44,Feb26:0.34,Mar26:0.44,Apr26:0.44,May26:0.55","Jul25 | shape=seasonal; implied peak-month ~2772/mo, May26 ~1859/mo"
itinerary planner template,1600,"Jun25:0.19,Jul25:0.04,Aug25:0.13,Sep25:0.03,Oct25:0.36,Nov25:0.02,Dec25:0.02,Jan26:0.03,Feb26:0.04,Mar26:0.10,Apr26:0.04,May26:0.08","Oct25 | shape=seasonal; implied peak-month ~6400/mo, May26 ~1422/mo"
marriott cancellation policy,1600,"Jun25:0.65,Jul25:0.65,Aug25:0.55,Sep25:0.44,Oct25:0.55,Nov25:0.55,Dec25:0.44,Jan26:0.65,Feb26:0.44,Mar26:0.55,Apr26:0.55,May26:0.55","Jun25 Jul25 Aug25 Oct25 Nov25 Jan26 Mar26 Apr26 May26 | shape=flat; implied peak-month ~1900/mo, May26 ~1607/mo"
travel expenses,1600,"Jun25:0.68,Jul25:0.84,Aug25:1.00,Sep25:1.00,Oct25:0.68,Nov25:0.46,Dec25:0.68,Jan26:1.00,Feb26:1.00,Mar26:0.68,Apr26:0.68,May26:1.00","Jul25 Aug25 Sep25 Jan26 Feb26 May26 | shape=seasonal; implied peak-month ~1979/mo, May26 ~1979/mo"
what is itinerary travel,1600,"Jun25:0.44,Jul25:0.03,Aug25:0.20,Sep25:0.36,Oct25:0.36,Nov25:0.52,Dec25:0.52,Jan26:0.36,Feb26:0.52,Mar26:0.66,Apr26:1.00,May26:0.66","Apr26 | shape=RISING; implied peak-month ~3410/mo, May26 ~2251/mo"
travel itinerary template google sheets,1300,"Jun25:0.66,Jul25:0.66,Aug25:0.41,Sep25:0.54,Oct25:0.24,Nov25:0.30,Dec25:0.24,Jan26:0.54,Feb26:0.66,Mar26:0.54,Apr26:0.54,May26:0.54","Jun25 Jul25 Sep25 Jan26 Feb26 Mar26 Apr26 May26 | shape=seasonal; implied peak-month ~1754/mo, May26 ~1435/mo"
travel itinerary template excel,1300,"Jun25:0.84,Jul25:0.84,Aug25:0.68,Sep25:1.00,Oct25:0.68,Nov25:0.52,Dec25:0.46,Jan26:0.68,Feb26:0.52,Mar26:0.68,Apr26:0.52,May26:0.52","Jun25 Jul25 Sep25 | shape=seasonal; implied peak-month ~1965/mo, May26 ~1022/mo"
best travel apps,1300,"Jun25:0.52,Jul25:0.44,Aug25:0.44,Sep25:0.36,Oct25:0.36,Nov25:0.27,Dec25:0.20,Jan26:0.24,Feb26:0.36,Mar26:0.27,Apr26:0.36,May26:0.36","Jun25 Jul25 Aug25 | shape=seasonal; implied peak-month ~1941/mo, May26 ~1344/mo"
tripcase,1300,"Jun25:0.54,Jul25:0.36,Aug25:0.19,Sep25:0.19,Oct25:0.13,Nov25:0.10,Dec25:0.08,Jan26:0.10,Feb26:0.08,Mar26:0.10,Apr26:0.07,May26:0.08","Jun25 | shape=DECLINING; implied peak-month ~4170/mo, May26 ~618/mo"
flight time estimator,1300,"Jun25:0.10,Jul25:0.16,Aug25:0.65,Sep25:0.29,Oct25:0.13,Nov25:0.05,Dec25:0.22,Jan26:0.43,Feb26:0.16,Mar26:0.29,Apr26:0.22,May26:0.29","Aug25 | shape=seasonal; implied peak-month ~3391/mo, May26 ~1513/mo"
hertz cancellation policy,1300,"Jun25:0.44,Jul25:0.52,Aug25:0.44,Sep25:0.24,Oct25:0.44,Nov25:0.44,Dec25:0.36,Jan26:0.27,Feb26:0.24,Mar26:0.44,Apr26:0.27,May26:0.27","Jun25 Jul25 Aug25 Oct25 Nov25 Mar26 | shape=seasonal; implied peak-month ~1856/mo, May26 ~964/mo"
best travel planning apps,1300,"Jun25:0.55,Jul25:0.55,Aug25:0.44,Sep25:0.65,Oct25:0.44,Nov25:0.34,Dec25:0.30,Jan26:0.20,Feb26:0.30,Mar26:0.55,Apr26:0.44,May26:0.20","Jun25 Jul25 Sep25 Mar26 | shape=seasonal; implied peak-month ~2044/mo, May26 ~629/mo"
hotel cancellation policy,1000,"Jun25:0.20,Jul25:0.34,Aug25:0.30,Sep25:0.34,Oct25:0.16,Nov25:0.24,Dec25:0.65,Jan26:0.20,Feb26:0.44,Mar26:0.34,Apr26:0.34,May26:0.44","Dec25 | shape=seasonal; implied peak-month ~1955/mo, May26 ~1323/mo"
jet lag calculator,1000,"Jun25:0.81,Jul25:0.81,Aug25:0.62,Sep25:0.62,Oct25:0.55,Nov25:0.45,Dec25:0.55,Jan26:0.55,Feb26:0.45,Mar26:0.81,Apr26:0.55,May26:1.00","Jun25 Jul25 Mar26 May26 | shape=seasonal; implied peak-month ~1544/mo, May26 ~1544/mo"
hilton cancellation policy,1000,"Jun25:0.68,Jul25:0.52,Aug25:0.46,Sep25:0.52,Oct25:0.46,Nov25:0.52,Dec25:0.52,Jan26:0.68,Feb26:0.46,Mar26:0.37,Apr26:0.46,May26:0.52","Jun25 Jan26 | shape=flat; implied peak-month ~1323/mo, May26 ~1011/mo"
travel itinerary app,880,"Jun25:0.68,Jul25:0.52,Aug25:0.46,Sep25:0.46,Oct25:0.84,Nov25:0.31,Dec25:0.31,Jan26:0.46,Feb26:0.37,Mar26:0.52,Apr26:0.37,May26:1.00","Oct25 May26 | shape=seasonal; implied peak-month ~1676/mo, May26 ~1676/mo"
expedia itinerary without email,720,"Jun25:0.16,Jul25:0.67,Aug25:0.55,Sep25:0.67,Oct25:0.55,Nov25:0.55,Dec25:0.67,Jan26:1.00,Feb26:0.55,Mar26:0.67,Apr26:0.55,May26:0.67","Jan26 | shape=seasonal; implied peak-month ~1190/mo, May26 ~797/mo"
business travel app,260,"Jun25:0.05,Jul25:0.08,Aug25:0.10,Sep25:0.07,Oct25:0.05,Nov25:0.07,Dec25:0.05,Jan26:0.07,Feb26:0.03,Mar26:0.03,Apr26:0.07,May26:0.08","Aug25 | shape=seasonal; implied peak-month ~416/mo, May26 ~333/mo"
travel expense report template,260,"Jun25:0.23,Jul25:0.36,Aug25:0.36,Sep25:0.54,Oct25:0.29,Nov25:0.23,Dec25:0.36,Jan26:0.15,Feb26:0.15,Mar26:0.66,Apr26:0.66,May26:1.00","May26 | shape=seasonal; implied peak-month ~625/mo, May26 ~625/mo"
can you cancel hotel reservations,210,"Jun25:0.43,Jul25:0.43,Aug25:0.53,Sep25:0.43,Oct25:0.43,Nov25:0.65,Dec25:1.00,Jan26:0.65,Feb26:0.65,Mar26:0.81,Apr26:0.43,May26:0.53","Dec25 Mar26 | shape=seasonal; implied peak-month ~362/mo, May26 ~192/mo"
digital copy of passport,170,"Jun25:0.80,Jul25:0.80,Aug25:1.00,Sep25:1.00,Oct25:0.66,Nov25:0.66,Dec25:0.52,Jan26:0.80,Feb26:0.66,Mar26:0.66,Apr26:0.66,May26:0.66","Jun25 Jul25 Aug25 Sep25 Jan26 | shape=flat; implied peak-month ~230/mo, May26 ~152/mo"
tripcase alternative,170,"Jun25:0.20,Jul25:0.24,Aug25:0.13,Sep25:0.08,Oct25:0.05,Nov25:0.05,Dec25:0.03,Jan26:0.06,Feb26:0.03,Mar26:0.05,Apr26:0.03,May26:0.05","Jun25 Jul25 | shape=DECLINING; implied peak-month ~490/mo, May26 ~102/mo"
tripit pro cost,170,"Jun25:0.53,Jul25:0.42,Aug25:0.42,Sep25:0.80,Oct25:0.80,Nov25:0.80,Dec25:0.65,Jan26:1.00,Feb26:0.65,Mar26:0.42,Apr26:0.11,May26:0.26","Sep25 Oct25 Nov25 Jan26 | shape=seasonal; implied peak-month ~297/mo, May26 ~77/mo"
trip budget app,140,"Jun25:0.65,Jul25:1.00,Aug25:0.81,Sep25:0.81,Oct25:0.28,Nov25:0.21,Dec25:0.28,Jan26:0.43,Feb26:0.15,Mar26:0.21,Apr26:0.21,May26:0.21","Jul25 Aug25 Sep25 | shape=DECLINING; implied peak-month ~320/mo, May26 ~67/mo"
travel expense tracker,110,"Jun25:0.52,Jul25:0.80,Aug25:1.00,Sep25:0.52,Oct25:0.52,Nov25:0.42,Dec25:0.42,Jan26:0.52,Feb26:0.52,Mar26:0.66,Apr26:0.52,May26:0.66","Jul25 Aug25 | shape=seasonal; implied peak-month ~186/mo, May26 ~123/mo"
trip countdown app,110,"Jun25:0.23,Jul25:0.28,Aug25:0.23,Sep25:0.18,Oct25:0.18,Nov25:0.08,Dec25:0.06,Jan26:0.18,Feb26:0.06,Mar26:0.18,Apr26:0.23,May26:0.23","Jun25 Jul25 Aug25 Apr26 May26 | shape=seasonal; implied peak-month ~174/mo, May26 ~143/mo"
travel document app,90,"Jun25:0.00,Jul25:0.00,Aug25:0.00,Sep25:0.80,Oct25:0.65,Nov25:0.19,Dec25:0.26,Jan26:1.00,Feb26:0.80,Mar26:1.00,Apr26:0.19,May26:0.07","Sep25 Jan26 Feb26 Mar26 | shape=RISING; implied peak-month ~218/mo, May26 ~15/mo"
tripit alternative,90,"Jun25:0.14,Jul25:0.22,Aug25:0.18,Sep25:0.14,Oct25:0.14,Nov25:0.14,Dec25:0.10,Jan26:0.18,Feb26:0.14,Mar26:0.22,Apr26:0.14,May26:0.14","Jul25 Aug25 Jan26 Mar26 | shape=seasonal; implied peak-month ~126/mo, May26 ~80/mo"
print travel itinerary,90,"Jun25:0.42,Jul25:0.53,Aug25:0.34,Sep25:0.34,Oct25:0.34,Nov25:0.34,Dec25:0.19,Jan26:0.34,Feb26:0.34,Mar26:0.26,Apr26:0.42,May26:0.42","Jul25 | shape=seasonal; implied peak-month ~134/mo, May26 ~106/mo"
best travel organizer app,70,"Jun25:0.14,Jul25:0.09,Aug25:0.52,Sep25:0.66,Oct25:0.14,Nov25:0.52,Dec25:0.09,Jan26:0.14,Feb26:0.42,Mar26:0.33,Apr26:0.52,May26:1.00","May26 | shape=seasonal; implied peak-month ~184/mo, May26 ~184/mo"
flight arrival time calculator,70,"Jun25:0.34,Jul25:0.34,Aug25:0.26,Sep25:0.26,Oct25:0.26,Nov25:0.26,Dec25:0.19,Jan26:0.26,Feb26:0.26,Mar26:0.19,Apr26:0.19,May26:0.19","Jun25 Jul25 | shape=flat; implied peak-month ~95/mo, May26 ~53/mo"
