keyword,cluster,volume_us,kd,intent,top10,weak_slots,strongest_small_site,serp_features,verdict,notes
wanderlog pro cost,Wanderlog alternative / pricing / reviews,6600,22,informational,1:reddit.com:UGC|2:wanderlog.com:78|3:monkeyeatingmango.com:15|4:facebook.com:UGC|5:whistleout.com:51|6:wanderlog.com:78|7:monkeyeatingmango.com:15|8:simplycodes.com:62|9:community.ricksteves.com:UGC|10:theprocesshacker.com:28,6,monkeyeatingmango.com:15:3,sitelinks|reviews|video|video_carousel|people_also_ask|related_searches|ai_overview(52),WINNABLE_NOW,"monkeyeatingmango (AS15) ranks #3 and #7; theprocesshacker AS28 #10. CAUTION: 6,600 is entirely a Mar26 spike (all other months 0.00); real ongoing demand ~0. Cover inside /alternatives/wanderlog, do not build a standalone page. [SERP: wave2/raw/29-phrase_organic-wanderlog-pro-cost-us.csv]"
wanderlog vs tripit,Wanderlog vs TripIt comparison,4400,22,commercial,1:reddit.com:UGC|2:facebook.com:UGC|3:community.ricksteves.com:UGC|4:stardrift.ai:27|5:tripadvisor.com:UGC|6:wanderlog.com:78|7:tripstone.app:11|8:blueplanit.co:20|9:explore.com:42|10:community.ricksteves.com:UGC,8,stardrift.ai:27:4,sitelinks|video|video_carousel|people_also_ask|related_searches|ai_overview(52),WINNABLE_NOW,"8 of 10 slots weak (5 forums + tripstone.app AS11 #7, blueplanit AS20 #8, stardrift AS27 #4). CAUTION: 4,400 is a 12-mo average driven by a single Mar26 spike (trend 1.00 vs 0.00-0.05 other months); implied May26 ~2357/mo. Still the softest comparison SERP. Target NEW:/compare/wanderlog-vs-tripit (3-way with TripCache). [SERP: wave1 raw/41-phrase_organic-wanderlog-vs-tripit-us.csv]"
flight time calculator,Flight time / arrival time calculator,3600,31,informational,1:airplanemanager.com:33|2:travelmath.com:71|3:aviapages.com:37|4:flighttimecalculator.org:28|5:play.google.com:n/p|6:flighttime-calculator.com:22|7:jetadvisors.com:30|8:flexjet.com:41|9:geotimedate.org:26|10:airsprint.com:32,3,flighttimecalculator.org:28:4,reviews|video|related_searches,WINNABLE_NOW,"All 10 are small single-purpose tools (flighttimecalculator.org AS28 #4, flighttime-calculator.com AS22 #6, geotimedate AS26 #9; only travelmath AS71). KD 31. Target /tools/flight-arrival-time-calculator (in progress). [SERP: wave1 raw/46-phrase_organic-flight-time-calculator-us.csv]"
best travel apps for planning,Best travel / planning apps (listicle),2900,53,commercial,1:directiveadventure.com:22|2:suewherewhywhat.com:37|3:reddit.com:UGC|4:apps.apple.com:n/p|5:wanderfullyrylie.com:15|6:play.google.com:n/p|7:wanderlog.com:78|8:tripit.com:50|9:facebook.com:UGC|10:youtube.com:UGC,5,directiveadventure.com:22:1,sitelinks|reviews|video|video_carousel|people_also_ask|related_searches|discussions_forums|ai_overview(52),WINNABLE_NOW,"Small blogs own #1 (directiveadventure AS22) and #5 (wanderfullyrylie AS15); TripCache already GSC ~6 (AU-weighted). Trend is erratic (7 of 12 months = 0, spike Feb26) so treat 2,900 as unreliable. Fix title/meta for CTR; target /blog/best-travel-apps-2025 (move to evergreen slug). AU SERP (wave-1 raw/60): wanderingkenzie AS12 #1, directiveadventure AS22 #4. [SERP: wave1 raw/42-phrase_organic-best-travel-apps-for-planning-us.csv]"
best road trip apps,GSC check: road trip apps,2400,38,commercial,1:reddit.com:UGC|2:apps.apple.com:n/p|3:carolinerosetravel.com:33|4:trizzletravels.com:12|5:facebook.com:UGC|6:play.google.com:n/p|7:youtube.com:UGC|8:play.google.com:n/p|9:facebook.com:UGC|10:facebook.com:UGC,6,trizzletravels.com:12:4,sitelinks|reviews|video|people_also_ask|related_searches|short_videos|ai_overview(52),WINNABLE_NOW,"6 weak slots (Reddit, Facebook x3, YouTube, trizzletravels AS12 #4); 3 app-store slots (Roadtrippers, Wanderlog). Relevant only partly (trip map, itinerary; no routing). TripCache GSC 3.6: refresh the page, keep claims honest. Trend spike Feb26. [SERP: wave2/raw/34-phrase_organic-best-road-trip-apps-us.csv]"
travel itinerary template google docs,Itinerary template - Google Docs,1900,18,commercial,1:gdoc.io:46|2:canva.com:n/p|3:thegoodocs.com:45|4:pinterest.com:UGC|5:reddit.com:UGC|6:docsandslides.com:36|7:tripstone.app:11|8:affine.pro:42|9:dribbble.com:n/p|10:template.net:73,3,tripstone.app:11:7,reviews|video|video_carousel|people_also_ask|related_searches|ai_overview(52),WINNABLE_NOW,"tripstone.app (AS11, an itinerary app blog) ranks #7; docsandslides AS36, thegoodocs AS45, gdoc.io AS46. KD 18. Target NEW:/templates/travel-itinerary-google-docs with a real copyable Doc. [SERP: wave2/raw/01-phrase_organic-travel-itinerary-template-google-docs-us.csv]"
best organization apps,GSC check: general organization apps,1900,24,commercial,1:thejoyfulsort.com:11|2:reddit.com:UGC|3:medium.com:UGC|4:reddit.com:UGC|5:plaky.com:43|6:youtube.com:UGC|7:onplanners.com:39|8:cloudwards.net:50|9:saner.ai:34|10:whistleout.com:51,5,thejoyfulsort.com:11:1,sitelinks|reviews|video|people_also_ask|related_searches|ai_overview(52),WINNABLE_NOW,"Technically soft (thejoyfulsort AS11 #1; 4 UGC) but intent is general life/productivity organization, not travel. TripCache GSC pos 3.7 is incidental; trend spiked Apr26-May26 only. Keep, do not invest. [SERP: wave2/raw/33-phrase_organic-best-organization-apps-us.csv]"
google doc itinerary template,Itinerary template - Google Docs,1900,20,informational,1:gdoc.io:46|2:canva.com:n/p|3:thegoodocs.com:45|4:pinterest.com:UGC|5:docsandslides.com:36|6:youtube.com:UGC|7:reddit.com:UGC|8:gatherandgotravel.com:37|9:tripstone.app:11|10:thegoodocs.com:45,4,tripstone.app:11:9,image_pack|reviews|video|related_searches,WINNABLE_NOW,tripstone.app (AS11) #9; 3 UGC slots. Same page as travel itinerary template google docs. [SERP: wave2/raw/40-phrase_organic-google-doc-itinerary-template-us.csv]
vacation itinerary template,Travel itinerary template,1600,24,informational,1:canva.com:n/p|2:gdoc.io:46|3:notion.com:n/p|4:pinterest.com:UGC|5:adobe.com:n/p|6:reddit.com:UGC|7:gatherandgotravel.com:37|8:yourcocotrip.com:33|9:youtube.com:UGC|10:thattravelitch.com:26,4,thattravelitch.com:26:10,image_pack|sitelinks|reviews|video|image|people_also_ask|related_searches,WINNABLE_NOW,"thattravelitch (AS26) #10, yourcocotrip (AS33) #8, gatherandgotravel (AS37) #7; KD 24. Bottom-of-page-1 is realistic with downloadable templates. [SERP: wave2/raw/05-phrase_organic-vacation-itinerary-template-us.csv]"
what is itinerary travel,What is a travel itinerary (definitions / how-to),1600,36,informational,1:navan.com:51|2:en.wikipedia.org:n/p|3:dmc.travel:31|4:dictionary.com:n/p|5:traventmug.com:11|6:quora.com:UGC|7:merriam-webster.com:n/p|8:template.net:73|9:netafri.com:26|10:youtube.com:UGC,4,traventmug.com:11:5,image_pack|video|people_also_ask|related_searches|ai_overview(52),WINNABLE_NOW,"traventmug (AS11) #5, netafri (AS26) #9, dmc.travel AS31 #3; Quora + YouTube. Definitional; one solid explainer with examples can rank. [SERP: wave2/raw/30-phrase_organic-what-is-itinerary-travel-us.csv]"
tripcase,TripCase shutdown / replacement,1300,16,informational+commercial,1:tripit.com:50|2:tripcase.app:10|3:reddit.com:UGC|4:apurplelife.com:30|5:tripcase.updatestar.com:74|6:effectiveretailleader.com:30|7:mtrip.com:30|8:linkedin.com:n/p|9:folio.id:26|10:fau.edu:n/p,3,tripcase.app:10:2,reviews|video|people_also_ask|related_searches|ai_overview(52),WINNABLE_NOW,"Already GSC pos ~7.5 on /blog/tripcase-shutdown-what-now. Small sites hold #2 (tripcase.app AS10 lookalike), #4,#6,#7 (AS30) and folio #9 (AS26). Demand decaying: trend fell from 0.54 (Jun25) to 0.08 (May26); implied latest month ~618/mo. Consolidate the 5-6 TripCase URLs into one page. [SERP: wave1 raw/40-phrase_organic-tripcase-us.csv]"
travel itinerary template google sheets,Itinerary template - Google Sheets,1300,14,informational,1:thegoodocs.com:45|2:tripstone.app:11|3:pinterest.com:UGC|4:reddit.com:UGC|5:workspace.google.com:n/p|6:blueplanit.co:20|7:facebook.com:UGC|8:gatherandgotravel.com:37|9:template.net:73|10:smartsheet.com:68,5,tripstone.app:11:2,sitelinks|video|video_carousel|related_searches|ai_overview(52),WINNABLE_NOW,Best evidence in the set: tripstone.app (AS11) is #2 and blueplanit (AS20) #6 - both small itinerary-app blogs. KD 14. Target NEW:/templates/travel-itinerary-google-sheets with a real Sheet (make a copy link). [SERP: wave2/raw/02-phrase_organic-travel-itinerary-template-google-sheets-us.csv]
best travel apps,Best travel / planning apps (listicle),1300,31,commercial,1:wanderingnomada.com:14|2:travellikeanna.com:46|3:reddit.com:UGC|4:suewherewhywhat.com:37|5:ricksteves.com:72|6:myvegantravels.com:38|7:hittheroadket.com:15|8:hittheroadket.com:15|9:wanderfullyrylie.com:15|10:gatherandgotravel.com:37,5,wanderingnomada.com:14:1,sitelinks|reviews|video|people_also_ask|related_searches|discussions_forums|ai_overview(52),WINNABLE_NOW,"Personal travel blogs own #1 (wanderingnomada AS14), #7-8 (hittheroadket AS15), #9 (wanderfullyrylie AS15). Steady trend. Same listicle as best travel apps for planning. [SERP: wave2/raw/10-phrase_organic-best-travel-apps-us.csv]"
best travel planning apps,Best travel / planning apps (listicle),1300,46,commercial,1:suewherewhywhat.com:37|2:reddit.com:UGC|3:directiveadventure.com:22|4:wanderingkenzie.com:12|5:play.google.com:n/p|6:tripit.com:50|7:wanderlog.com:78|8:community.ricksteves.com:UGC|9:play.google.com:n/p|10:instagram.com:UGC,5,directiveadventure.com:22:3,sitelinks|reviews|video|video_carousel|people_also_ask|related_searches|discussions_forums|ai_overview(52),WINNABLE_NOW,directiveadventure (AS22) #3 and wanderingkenzie (AS12) #4 outrank TripIt and Wanderlog homepages. KD 46 overstates difficulty. Same listicle; TripCache GSC ~50 today. [SERP: wave2/raw/11-phrase_organic-best-travel-planning-apps-us.csv]
travel itinerary template excel,Travel itinerary template,1300,25,informational,1:thattravelitch.com:26|2:allaboutplanners.com.au:33|3:gatherandgotravel.com:37|4:yourcocotrip.com:33|5:etsy.com:n/p|6:pinterest.com:UGC|7:smartsheet.com:68|8:vertex42.com:63|9:formulabot.com:38|10:myexcelonline.com:37,2,thattravelitch.com:26:1,image_pack|sitelinks|reviews|video|image|video_carousel|people_also_ask|related_searches|ai_overview(52),WINNABLE_NOW,"thattravelitch (AS26) is #1; allaboutplanners AS33 #2, yourcocotrip AS33 #4. KD 25. Pair a downloadable .xlsx with the Sheets page. [SERP: wave2/raw/28-phrase_organic-travel-itinerary-template-excel-us.csv]"
flight time estimator,Flight time / arrival time calculator,1300,24,commercial,1:travelmath.com:71|2:airplanemanager.com:33|3:aviapages.com:37|4:apps.apple.com:n/p|5:flighttimecalculator.org:28|6:reddit.com:UGC|7:play.google.com:n/p|8:flighttime-calculator.com:22|9:jetadvisors.com:30|10:flexjet.com:41,3,flighttimecalculator.org:28:5,video|people_also_ask|related_searches,WINNABLE_NOW,"Same tool SERP: flighttimecalculator.org AS28 #5, flighttime-calculator.com AS22 #8. Same tool page. [SERP: wave2/raw/36-phrase_organic-flight-time-estimator-us.csv]"
jet lag calculator,Jet lag calculator,1000,22,informational,1:sleepopolis.com:53|2:hillarys.co.uk:49|3:timeshifter.com:39|4:fleetstreetclinic.com:32|5:thesleepreset.com:36|6:bbc.com:n/p|7:pyllola.com:11|8:retimer.com.au:26|9:humancharger.com:23|10:jetlagcalculator.net:2,4,pyllola.com:11:7,reviews|video|people_also_ask|related_searches|ai_overview(52),WINNABLE_NOW,"4 tiny tools in top 10: pyllola AS11 #7, retimer AS26 #8, humancharger AS23 #9, jetlagcalculator.net AS2 #10. KD 22. Target NEW:/tools/jet-lag-calculator (reuse flight-time logic). [SERP: wave2/raw/24-phrase_organic-jet-lag-calculator-us.csv]"
app in the air,App in the Air alternative,590,12,informational,1:reddit.com:UGC|2:byairapp.com:33|3:instagram.com:UGC|4:apps.apple.com:n/p|5:worldtraveller73.com:21|6:flighty.com:51|7:tripit.com:50|8:travelmassive.com:37|9:facebook.com:UGC|10:reddit.com:UGC,5,worldtraveller73.com:21:5,,WINNABLE_NOW,KD 12. worldtraveller73 (AS21) #5; 4 UGC slots; TripIt and Flighty capture pages at #6-7. Target NEW:/alternatives/app-in-the-air. [SERP: wave1 raw/61-phrase_organic-app-in-the-air-us.csv]
best travel itinerary app,Best travel / planning apps (listicle),480,32,commercial,1:directiveadventure.com:22|2:reddit.com:UGC|3:suewherewhywhat.com:37|4:wanderingkenzie.com:12|5:play.google.com:n/p|6:tripit.com:50|7:wanderlog.com:78|8:facebook.com:UGC|9:wanderfullyrylie.com:15|10:community.ricksteves.com:UGC,6,directiveadventure.com:22:1,sitelinks|reviews|video|people_also_ask|related_searches|discussions_forums|ai_overview(52),WINNABLE_NOW,"6 weak slots: directiveadventure AS22 #1, wanderingkenzie AS12 #4, wanderfullyrylie AS15 #9 + 3 forums. Same listicle. [SERP: wave1 raw/48-phrase_organic-best-travel-itinerary-app-us.csv]"
business travel app,Business travel app,260,17,commercial,1:navan.com:51|2:business.booking.com:n/p|3:bcdtravel.com:47|4:cm-eventsolutions.com:18|5:ottotheagent.com:35|6:covingtontravel.com:30|7:engine.com:44|8:mtrip.com:30|9:reddit.com:UGC|10:use.expensify.com:51,2,cm-eventsolutions.com:18:4,sitelinks|reviews|video|people_also_ask|related_searches|discussions_forums|ai_overview(52),WINNABLE_NOW,"KD 17. cm-eventsolutions (AS18) #4, covingtontravel AS30, mtrip AS30, ottotheagent AS35; rest are TMC vendors (Navan, BCD, Booking for Business). A traveler-side best-apps list can slot in. CPC $42. [SERP: wave2/raw/20-phrase_organic-business-travel-app-us.csv]"
can you cancel hotel reservations,Hotel cancellation policy (generic),210,30,informational,1:reddit.com:UGC|2:hilton.com:n/p|3:expedia.com:n/p|4:help.marriott.com:n/p|5:bcdtravel.com:47|6:facebook.com:UGC|7:community.ricksteves.com:UGC|8:partner.booking.com:n/p|9:quora.com:UGC|10:quora.com:UGC,5,,sitelinks|video|people_also_ask|related_searches|short_videos|ai_overview(52),WINNABLE_NOW,5 of 10 slots are Reddit/Facebook/Rick Steves/Quora x2; the rest are hotel help centers. Answer it as an H2/FAQ on the hotel-cancellation guide. [SERP: wave2/raw/37-phrase_organic-can-you-cancel-hotel-reservations-us.csv]
tripcase alternative,TripCase shutdown / replacement,170,4,informational,1:reddit.com:UGC|2:tripit.com:50|3:apurplelife.com:30|4:effectiveretailleader.com:30|5:mtrip.com:30|6:flyertalk.com:UGC|7:travo.me:10|8:lambus.com:26|9:trustradius.com:45|10:africahunting.com:UGC,5,travo.me:10:7,sitelinks|reviews|video|people_also_ask|related_searches|ai_overview(52),WINNABLE_NOW,KD 4. travo.me (AS10) #7 and lambus (AS26) #8 rank with thin alternative pages; Reddit/FlyerTalk/AfricaHunting forums take 3 slots. Target: /blog/tripcase-shutdown-what-now (GSC pos 9). [SERP: wave2/raw/06-phrase_organic-tripcase-alternative-us.csv]
tripit pro cost,TripIt Pro cost / free vs Pro,170,27,informational,1:tripit.com:50|2:tripit.com:50|3:tineo.ai:18|4:thatanxioustraveller.com:32|5:techtalksummits.com:28|6:tripit.com:50|7:help.tripit.com:50|8:youtube.com:UGC|9:seriousinsights.net:31|10:advantage.cu.edu:n/p,3,tineo.ai:18:3,reviews|video|people_also_ask|related_searches|ai_overview(52),WINNABLE_NOW,"tineo.ai (AS18, a competing app blog) ranks #3 with a Pro-vs-free post; techtalksummits AS28 #5. Target /blog/tripit-vs-tripcache-comparison-2025 (or a dedicated TripIt Pro pricing explainer). [SERP: wave2/raw/07-phrase_organic-tripit-pro-cost-us.csv]"
travel document app,Travel document app,90,33,informational,1:apps.apple.com:n/p|2:play.google.com:n/p|3:reddit.com:UGC|4:help.tripit.com:50|5:travel.state.gov:n/p|6:traveldoc.aero:43|7:cbp.gov:n/p|8:folio.id:26|9:reddit.com:UGC|10:facebook.com:UGC,4,folio.id:26:8,sitelinks|reviews|video|video_carousel|people_also_ask|related_searches|discussions_forums|ai_overview(52),WINNABLE_NOW,Low US volume (90; trend spiky) but folio.id (AS26) #8 and 3 UGC slots; TripCache Semrush #18. Bigger in CA (260-320) and UK (110-140). Target /blog/best-travel-document-organizer-app-2026. [SERP: wave2/raw/03-phrase_organic-travel-document-app-us.csv]
tripit alternative,TripIt alternative,90,3,informational,1:reddit.com:UGC|2:apurplelife.com:30|3:imean.ai:32|4:effectiveretailleader.com:30|5:facebook.com:UGC|6:tripadvisor.com:UGC|7:explore.com:42|8:mtrip.com:30|9:wandrly.app:23|10:rainbowbreeze.it:22,5,wandrly.app:23:9,sitelinks|reviews|video|video_carousel|people_also_ask|related_searches|ai_overview(52),WINNABLE_NOW,"KD 3. wandrly.app (AS23) #9, rainbowbreeze (AS22) #10, apurplelife AS30 #2, mtrip AS30 #8; 3 forum slots. TripCache GSC 12-17 on /blog/best-tripit-alternatives-2026. [SERP: wave2/raw/08-phrase_organic-tripit-alternative-us.csv]"
best travel organizer app,Best travel / planning apps (listicle),70,50,commercial,1:suewherewhywhat.com:37|2:apps.apple.com:n/p|3:reddit.com:UGC|4:wanderingkenzie.com:12|5:play.google.com:n/p|6:directiveadventure.com:22|7:wanderlog.com:78|8:tripit.com:50|9:facebook.com:UGC|10:youtube.com:UGC,5,wanderingkenzie.com:12:4,sitelinks|reviews|video|people_also_ask|related_searches|short_videos|discussions_forums|ai_overview(52),WINNABLE_NOW,"Low volume (70) but wanderingkenzie AS12 #4, directiveadventure AS22 #6; exact product-category match for TripCache. [SERP: wave2/raw/35-phrase_organic-best-travel-organizer-app-us.csv]"
flight arrival time calculator,Flight time / arrival time calculator,70,19,informational,1:flighttime-calculator.com:22|2:aviapages.com:37|3:calcmaster.org:10|4:flighttimecalculator.org:28|5:travelmath.com:71|6:airsprint.com:32|7:takeofftimer.com:42|8:airplanemanager.com:33|9:play.google.com:n/p|10:mappr.co:43,3,flighttime-calculator.com:22:1,reviews|video|people_also_ask|related_searches|ai_overview(52),WINNABLE_NOW,"flighttime-calculator.com (AS22) #1, calcmaster.org (AS10) #3, flighttimecalculator.org (AS28) #4. Exact match for the tool being built. [SERP: wave2/raw/39-phrase_organic-flight-arrival-time-calculator-us.csv]"
travel itinerary template,Travel itinerary template,90500,41,informational,1:canva.com:n/p|2:reddit.com:UGC|3:gdoc.io:46|4:pinterest.com:UGC|5:notion.com:n/p|6:adobe.com:n/p|7:gatherandgotravel.com:37|8:yourcocotrip.com:33|9:youtube.com:UGC|10:gatherandgotravel.com:37,3,,image_pack|sitelinks|reviews|video|image|people_also_ask|related_searches,WINNABLE_WITH_LINKS,"Canva/Notion/Adobe/gdoc.io dominate; smallest non-UGC ranker is yourcocotrip AS33 (#8) and gatherandgotravel AS37 (#7, #10). Trend is erratic (Feb26 peak 1.00, Jun-Dec25 ~0.03-0.16). Build from the long-tail template pages up. [SERP: wave1 raw/43-phrase_organic-travel-itinerary-template-us.csv]"
wanderlog reviews,Wanderlog alternative / pricing / reviews,12100,31,commercial,1:reddit.com:UGC|2:apps.apple.com:n/p|3:whistleout.com:51|4:brooksreview.net:36|5:wanderlog.com:78|6:trustpilot.com:n/p|7:play.google.com:n/p|8:facebook.com:UGC|9:community.ricksteves.com:UGC|10:gr8traveltips.com:21,4,gr8traveltips.com:21:10,sitelinks|reviews|video|video_carousel|people_also_ask|related_searches|discussions_forums|ai_overview(52),WINNABLE_WITH_LINKS,"gr8traveltips (AS21) #10, brooksreview AS36 #4. CAUTION: 12,100 comes from a single Apr26 spike (trend 0 in 8 months); implied May26 ~11169/mo. Low priority. [SERP: wave1 raw/50-phrase_organic-wanderlog-reviews-us.csv]"
trip itinerary template,Travel itinerary template,9900,35,informational,1:canva.com:n/p|2:adobe.com:n/p|3:pinterest.com:UGC|4:notion.com:n/p|5:gdoc.io:46|6:community.ricksteves.com:UGC|7:reddit.com:UGC|8:youtube.com:UGC|9:youtube.com:UGC|10:gatherandgotravel.com:37,5,,image_pack|sitelinks|reviews|video|image|people_also_ask|related_searches|ai_overview(52),WINNABLE_WITH_LINKS,"5 UGC slots (Pinterest, Rick Steves forum, Reddit, YouTube x2) but every non-UGC slot is AS37+ or a mega brand. Needs a genuinely useful template hub + a few links. [SERP: wave2/raw/04-phrase_organic-trip-itinerary-template-us.csv]"
travel apps,Best travel / planning apps (listicle),9900,39,informational,1:wanderingnomada.com:14|2:suewherewhywhat.com:37|3:reddit.com:UGC|4:myvegantravels.com:38|5:play.google.com:n/p|6:travellikeanna.com:46|7:ricksteves.com:72|8:youtube.com:UGC|9:gatherandgotravel.com:37|10:wandererscompass.com:29,4,wanderingnomada.com:14:1,sitelinks|reviews|video|video_carousel|people_also_ask|related_searches|discussions_forums|ai_overview(52),WINNABLE_WITH_LINKS,"wanderingnomada (AS14) is #1 and wandererscompass (AS29) #10, but most slots are AS 37-72 travel blogs. Broad intent (all travel apps). Trend rose sharply Feb26-May26 (0.67-1.00 vs 0.05-0.19). Serve with the same listicle; expect page 2 first. [SERP: wave2/raw/09-phrase_organic-travel-apps-us.csv]"
enterprise cancellation policy,Brand cancellation policies,2400,34,informational,1:enterprise.com:n/p|2:enterprise.com:n/p|3:enterprisecarshare.com:43|4:enterprise.com:n/p|5:enterprise.com:n/p|6:reddit.com:UGC|7:enterprise.com:n/p|8:carinsurent.com:27|9:blog.autoslash.com:38|10:enterprise.ch:38,2,carinsurent.com:27:8,people_also_ask|related_searches|ai_overview(52),WINNABLE_WITH_LINKS,"Enterprise owns 6; carinsurent (AS27) #8, autoslash AS38 #9, enterprise.ch AS38 #10. Flat year-round trend (0.79-1.00). Car rental is outside the core hotel calculator; low priority. [SERP: wave2/raw/19-phrase_organic-enterprise-cancellation-policy-us.csv]"
tripit pro,TripIt Pro cost / free vs Pro,1900,33,informational+navigational,1:tripit.com:50|2:tripit.com:50|3:thatanxioustraveller.com:32|4:youtube.com:UGC|5:tripit.com:50|6:concur.com:53|7:techtalksummits.com:28|8:reddit.com:UGC|9:tripit.com:50|10:g2.com:67,3,techtalksummits.com:28:7,sitelinks|video|people_also_ask|related_searches|ai_overview(52),WINNABLE_WITH_LINKS,TripIt holds 4 slots; independent reviews at #3 (thatanxioustraveller AS32) and #7 (techtalksummits AS28). TripCache GSC ~10 on pricing variants. [SERP: wave1 raw/47-phrase_organic-tripit-pro-us.csv]
itinerary planner template,Travel itinerary template,1600,25,informational,1:canva.com:n/p|2:gdoc.io:46|3:adobe.com:n/p|4:reddit.com:UGC|5:gatherandgotravel.com:37|6:pinterest.com:UGC|7:notion.com:n/p|8:yourcocotrip.com:33|9:yourcocotrip.com:33|10:peanutsorpretzels.com:31,2,,image_pack|sitelinks|reviews|video|image|ads_top|ads_bottom|people_also_ask|related_searches,WINNABLE_WITH_LINKS,Same template oligopoly; smallest non-UGC are peanutsorpretzels AS31 #10 and yourcocotrip AS33 #8-9. Trend spiky (Oct25 0.36; most months 0.02-0.10). [SERP: wave2/raw/38-phrase_organic-itinerary-planner-template-us.csv]
hotel cancellation policy,Hotel cancellation policy (generic),1000,17,informational,1:reddit.com:UGC|2:calodging.com:32|3:hilton.com:n/p|4:travelmarketreport.com:40|5:hotels.com:n/p|6:nclnet.org:37|7:vacationexpress.com:44|8:heatheronhertravels.com:48|9:facebook.com:UGC|10:smartsheet.com:68,2,,sitelinks|reviews|video|related_searches|discussions_forums|ai_overview(52),WINNABLE_WITH_LINKS,"KD 17 but no non-UGC site under AS32 (calodging AS32 #2, nclnet AS37, travelmarketreport AS40, vacationexpress AS44). Reddit #1. A chain-by-chain policy table + the existing deadline calculator is the format gap. Target NEW:/guides/hotel-cancellation-policies. [SERP: wave1 raw/44-phrase_organic-hotel-cancellation-policy-us.csv]"
trip organizer app,Travel itinerary / organizer app (product head terms),1000,51,informational,1:apps.apple.com:n/p|2:reddit.com:UGC|3:directiveadventure.com:22|4:wanderlog.com:78|5:suewherewhywhat.com:37|6:play.google.com:n/p|7:wanderingkenzie.com:12|8:stippl.io:34|9:facebook.com:UGC|10:stippl.io:34,4,directiveadventure.com:22:3,,WINNABLE_WITH_LINKS,"App Store/Play listings + Wanderlog own the top; but listicles from small blogs rank #3 (directiveadventure AS22) and #7 (wanderingkenzie AS12). Win via the listicle and ASO, not the homepage. [SERP: wave1 raw/45-phrase_organic-trip-organizer-app-us.csv]"
hilton cancellation policy,Brand cancellation policies,1000,46,informational,1:hilton.com:n/p|2:reddit.com:UGC|3:hilton.com:n/p|4:hilton.com:n/p|5:hilton.com:n/p|6:transfertravel.com:32|7:edgevenues.com:25|8:smartmeetings.com:39|9:hilton.com:n/p|10:upgradedpoints.com:54,2,edgevenues.com:25:7,sitelinks|video|people_also_ask|related_searches|ai_overview(52),WINNABLE_WITH_LINKS,"Hilton owns 5, but #6-8 are small (transfertravel AS32, edgevenues AS25, smartmeetings AS39). Best of the brand set; fold into the hotel-cancellation hub first. [SERP: wave2/raw/17-phrase_organic-hilton-cancellation-policy-us.csv]"
travel itinerary app,Travel itinerary / organizer app (product head terms),880,72,informational,1:apps.apple.com:n/p|2:reddit.com:UGC|3:play.google.com:n/p|4:wanderlog.com:78|5:pcmag.com:n/p|6:directiveadventure.com:22|7:apps.apple.com:n/p|8:community.ricksteves.com:UGC|9:facebook.com:UGC|10:stippl.io:34,4,directiveadventure.com:22:6,sitelinks|reviews|video|people_also_ask|related_searches|short_videos|discussions_forums|ai_overview(52),WINNABLE_WITH_LINKS,3 app-store slots + Wanderlog + PCMag; only directiveadventure (AS22) #6 is small. KD 72. Homepage unlikely before links; ASO (App Store title/subtitle) is the faster lever for the app-store slots. [SERP: wave2/raw/27-phrase_organic-travel-itinerary-app-us.csv]
expedia itinerary without email,Find itinerary without confirmation email,720,44,informational,1:expedia.com:n/p|2:expedia.com:n/p|3:justanswer.com:UGC|4:facebook.com:UGC|5:expedia.com:n/p|6:expedia.com:n/p|7:sikayetvar.com:UGC|8:expedia-aarp.com:42|9:businessinsider.com:n/p|10:reddit.com:UGC,4,,sitelinks|people_also_ask|related_searches|ai_overview(52),WINNABLE_WITH_LINKS,"4 UGC slots (JustAnswer, Facebook, Sikayetvar, Reddit) + Business Insider how-to #9; Expedia owns 4. KD 44. A precise how-to could take a UGC slot; ties to email-import feature. [SERP: wave2/raw/23-phrase_organic-expedia-itinerary-without-email-us.csv]"
travel expense report template,Travel expense report template,260,24,informational,1:smartsheet.com:68|2:adobe.com:n/p|3:xappex.com:34|4:canva.com:n/p|5:rippling.com:62|6:docs.google.com:n/p|7:klippa.com:51|8:pinterest.com:UGC|9:acrpnet.org:40|10:fylehq.com:40,1,,image_pack|sitelinks|reviews|video|image|people_also_ask|related_searches,WINNABLE_WITH_LINKS,Smartsheet/Adobe/Canva/Rippling plus xappex AS34 #3; only Pinterest is weak. Feasible as a free CSV/Sheet template that mirrors the TripCache CSV export. [SERP: wave2/raw/25-phrase_organic-travel-expense-report-template-us.csv]
digital copy of passport,Digital passport copies / offline documents,170,47,informational,1:dhs.gov:n/p|2:facebook.com:UGC|3:travel.state.gov:n/p|4:travel.state.gov:n/p|5:folio.id:26|6:photoaid.com:52|7:microblink.com:37|8:support.google.com:n/p|9:passport-photo.online:54|10:apple.com:n/p,2,folio.id:26:5,reviews|video|video_carousel|people_also_ask|related_searches|ai_overview(52),WINNABLE_WITH_LINKS,"Gov pages own #1-4; folio.id (AS26, an app blog) holds #5 with a digital-passport-copies post, microblink AS37 #7. Target NEW:/blog/save-travel-documents-offline (draft exists in repo). [SERP: wave2/raw/22-phrase_organic-digital-copy-of-passport-us.csv]"
gsa per diem,Per diem (wave-1 gap),33100,40,navigational,1:gsa.gov:n/p|2:aoprals.state.gov:n/p|3:fmx.cpa.texas.gov:n/p|4:open.gsa.gov:n/p|5:accountspayable.ua.edu:n/p|6:sgmp.memberclicks.net:46|7:gsa.gov:n/p|8:gsa.gov:n/p|9:travel.dod.mil:n/p|10:itilite.com:40,0,,sitelinks|related_searches,NOT_YET,Navigational to gsa.gov; government/university pages fill the top 10. Skip. [SERP: wave2/raw/32-phrase_organic-gsa-per-diem-us.csv]
per diem rates,Per diem (wave-1 gap),18100,45,informational,1:gsa.gov:n/p|2:travel.dod.mil:n/p|3:engine.com:44|4:military.com:n/p|5:patriotsoftware.com:48|6:allowances.state.gov:n/p|7:ramp.com:53|8:gsa.gov:n/p|9:perk.com:48|10:federalpay.org:48,0,,people_also_ask|related_searches|ai_overview(52),NOT_YET,"GSA/DoD/State + fintech (Engine AS44, Patriot AS48, Ramp AS53, Perk AS48, FederalPay AS48). 0 weak slots. Not a TripCache feature. [SERP: wave2/raw/31-phrase_organic-per-diem-rates-us.csv]"
airbnb cancellation policy,Brand cancellation policies,6600,50,informational,1:airbnb.com:n/p|2:airbnb.com:n/p|3:reddit.com:UGC|4:airbnb.com:n/p|5:hostfully.com:38|6:smartorder.ai:32|7:airbnb.com:n/p|8:airbnb.com:n/p|9:linkedin.com:UGC|10:airbnb.com:n/p,2,,sitelinks|reviews|video|video_carousel|people_also_ask|related_searches|short_videos|discussions_forums|ai_overview(52),NOT_YET,"Airbnb help center holds 6 of 10; remaining are host-software blogs (hostfully AS38, smartorder AS32) + Reddit + LinkedIn. KD 50. [SERP: wave2/raw/12-phrase_organic-airbnb-cancellation-policy-us.csv]"
expedia cancellation policy,Brand cancellation policies,3600,50,informational+navigational,1:expedia.com:n/p|2:expedia.com:n/p|3:expedia.com:n/p|4:expedia.com:n/p|5:igms.com:34|6:expedia.com:n/p|7:expedia.com:n/p|8:reddit.com:UGC|9:expedia.com:n/p,1,,people_also_ask|related_searches|ai_overview(52),NOT_YET,Expedia holds 7 of 9 results; igms AS34 #5. KD 50. [SERP: wave2/raw/15-phrase_organic-expedia-cancellation-policy-us.csv]
booking.com cancellation policy,Brand cancellation policies,2900,41,informational,1:partner.booking.com:n/p|2:booking.com:n/p|3:developers.booking.com:n/p|4:booking.com:n/p|5:homstar.zendesk.com:n/p|6:partner.booking.com:n/p|7:booking.com:n/p|8:partner.booking.com:n/p|9:booking.com:n/p|10:developers.booking.com:n/p,0,,related_searches|discussions_forums|ai_overview(52),NOT_YET,"All 10 results are booking.com properties (help, partner, developers) or a Booking-connected Zendesk. 0 weak slots. [SERP: wave2/raw/13-phrase_organic-booking-com-cancellation-policy-us.csv]"
vrbo cancellation policy,Brand cancellation policies,2400,33,informational,1:help.vrbo.com:n/p|2:vrbo.com:n/p|3:help.vrbo.com:n/p|4:vrbo.com:n/p|5:hostify.com:31|6:reddit.com:UGC|7:facebook.com:UGC|8:help.vrbo.com:n/p|9:rentalsunited.com:36|10:hospitable.com:38,2,,reviews|video|image|people_also_ask|related_searches|ai_overview(52),NOT_YET,"Vrbo owns 5; the third-party pages are host-software blogs (hostify AS31, rentalsunited AS36, hospitable AS38). A traveler-angle page might take #9-10 with links; low priority. [SERP: wave2/raw/14-phrase_organic-vrbo-cancellation-policy-us.csv]"
marriott cancellation policy,Brand cancellation policies,1600,39,informational,1:help.marriott.com:n/p|2:help.marriott.com:n/p|3:reddit.com:UGC|4:facebook.com:UGC|5:ownerservices.marriottvacationclub.com:45|6:marriott.com:n/p|7:travelweekly.com:67|8:traveler.marriott.com:n/p|9:thepointsguy.com:n/p|10:marriott.com:n/p,2,,sitelinks|people_also_ask|related_searches|ai_overview(52),NOT_YET,"Marriott holds 6; Travel Weekly AS67, The Points Guy. Only Reddit/Facebook are weak. [SERP: wave2/raw/16-phrase_organic-marriott-cancellation-policy-us.csv]"
travel expenses,Business travel expenses (informational/tax),1600,25,informational,1:irs.gov:n/p|2:ramp.com:53|3:wolterskluwer.com:67|4:legal-resources.uslegalforms.com:55|5:dictionary.cambridge.org:n/p|6:jacksonhewitt.com:57|7:fylehq.com:40|8:irs.gov:n/p|9:wolterskluwer.com:67|10:acquisition.gov:n/p,0,,image_pack|people_also_ask|related_searches|ai_overview(52),NOT_YET,"0 weak slots: IRS x2, Ramp, Wolters Kluwer x2, Jackson Hewitt, US Legal Forms (AS40-67+). Tax/YMYL. Skip. [SERP: wave2/raw/21-phrase_organic-travel-expenses-us.csv]"
hertz cancellation policy,Brand cancellation policies,1300,35,informational,1:hertz.com:n/p|2:hertz.com:n/p|3:reddit.com:UGC|4:hertz.my.site.com:n/p|5:hertz.com:n/p|6:hertz.com:n/p|7:hertz.com:n/p|8:pt.alabama.gov:n/p|9:hertz.my.site.com:n/p|10:justanswer.com:UGC,2,,sitelinks|people_also_ask|related_searches|ai_overview(52),NOT_YET,Hertz owns 7 + a .gov PDF; only Reddit/JustAnswer weak. [SERP: wave2/raw/18-phrase_organic-hertz-cancellation-policy-us.csv]
travel document organizer,Physical document organizers (P3),210,24,informational,1:amazon.com:n/p|2:reddit.com:UGC|3:galenleather.com:41|4:pinterest.com:UGC|5:packhacker.com:53|6:travelandleisure.com:n/p|7:target.com:n/p|8:reddit.com:UGC|9:youtube.com:UGC|10:walmart.com:n/p,4,,,NOT_YET,Wrong intent: Amazon/Target/Walmart/Galen Leather/Pack Hacker = physical wallets. Skip. [SERP: wave1 raw/49-phrase_organic-travel-document-organizer-us.csv]
travel expense tracker,Travel expense tracking / reports,110,49,informational+commercial,1:apps.apple.com:n/p|2:notion.com:n/p|3:reddit.com:UGC|4:play.google.com:n/p|5:expensify.com:51|6:travel-spend.com:30|7:coda.io:55|8:wired.com:n/p|9:apps.apple.com:n/p|10:onetravel.com:47,1,,sitelinks|video|video_carousel|related_searches|ai_overview(52),NOT_YET,3 app-store slots + Notion/Expensify/Coda/Wired; travel-spend AS30 #6. KD 49. Compete via ASO instead. [SERP: wave2/raw/26-phrase_organic-travel-expense-tracker-us.csv]
