keyword,autocomplete_us,rank_us,top10_median_ratings_us,autocomplete_au,rank_au,top10_median_ratings_au,google_web_volume_us,google_web_volume_au
itinerary,"3 chars, #9",>50,5612,not suggested,>50,5268,135000,
itinerary planner,"3 chars, #2",>50,14321,"2 chars, #6",>50,713,3600,
itinerary app,"11 chars, #1",>50,5612,"3 chars, #9",>50,5268,590,140
travel itinerary,"8 chars, #9",>50,5181,"8 chars, #2",>50,5268,5400,1300
trip itinerary,"6 chars, #3",12,5181,"6 chars, #2",>50,1464,,
itinerary maker,"4 chars, #6",>50,5612,not suggested,>50,627,2400,
trip planner,"5 chars, #3",>50,35683,"6 chars, #2",>50,5268,33100,
travel planner,"7 chars, #4",>50,61515,"7 chars, #2",>50,5268,8100,3600
trip organizer,"6 chars, #1",>50,5612,not suggested,>50,709,,
travel organizer,"8 chars, #4",>50,5181,not suggested,>50,994,,
trip organiser,,34,480,,>50,709,,
travel organiser,,>50,480,,>50,994,,
trip planner app,,>50,9709,,>50,5268,2400,720
travel app,,>50,497208,,>50,52810,2400,
vacation planner,,34,311380,,>50,5268,,
holiday planner,,>50,5612,,>50,5268,,
tripit,,>50,61515,,>50,11740,27100,
tripcase,,>50,116,,>50,994,1300,210
flight tracker,,>50,93019,,>50,11743,,
flight tracking,,>50,93019,,>50,11743,,
flight status,,>50,79420,,>50,11743,,
flight alerts,,>50,290616,,>50,12964,,
flight tracker live,,>50,93019,,>50,11743,,
live flight tracker,,>50,93019,,>50,11743,,
flight radar,,>50,60882,,>50,7347,,
flighty,,>50,93019,,>50,11743,18100,
travel documents,,>50,45563,,>50,10383,,
travel document wallet,,>50,2895,,>50,2095,,
document wallet,,>50,0,,>50,2,,
passport wallet,,>50,2895,,>50,363,,
boarding pass,,>50,1640433,,>50,16757,,
boarding pass wallet,,>50,287,,>50,44,,
travel wallet,,>50,27061,,>50,3119,,
travel expense tracker,,>50,6391,,>50,926,110,20
trip expense,,>50,7260,,>50,926,,
travel expenses,,>50,9,,>50,580,1600,
travel budget,,>50,919,,>50,926,,
trip budget,,>50,2005,,>50,188,,
expense tracker,,>50,19430,,>50,846,,
cancellation reminder,,>50,1361,,>50,9,,
free cancellation,,>50,4939,,>50,112,,
booking manager,,>50,231,,>50,46,,
booking organizer,,>50,4117,,>50,6218,,
reservation manager,,>50,3,,>50,2,,
reservations,,>50,61776,,>50,5,,
hotel booking,,>50,1149086,,>50,70778,,
travel tracker,,>50,2133,,>50,1056,,
trip tracker,,>50,9709,,>50,424,,
travel history,,>50,5016,,>50,424,,
travel log,,>50,9675,,>50,1410,,
countries visited,,,,,>50,161,,
flight log,,>50,1045,,>50,5,,
business travel,,>50,16531,,>50,893,,
travel assistant,,>50,395,,>50,2,,
travel checklist,,>50,6374,,>50,612,,
packing list,,,,,>50,14,,
road trip planner,,>50,9815,,>50,994,,
trip planning,,>50,61515,,>50,1464,,
travel planning,,>50,61515,,>50,5268,,
wanderlog,,>50,61512,,>50,11740,60500,
tripsy,,>50,117,,>50,1,,
email import,,>50,27087,,>50,2560,,
check in reminder,,>50,1490,,>50,1017,,
travel reminder,,>50,2640,,>50,540,,
travel journal,,>50,5164,,>50,27,,
flight diary,,>50,60882,,>50,7022,,
my trips,,>50,1278,,>50,2134,,
trips,,>50,480975,,>50,4716,,
travel,,>50,702884,,>50,60110,,
