Position,Domain,Url,Keywords SERP Features,SERP Features
1,www.smartsheet.com,https://www.smartsheet.com/free-expense-report-templates,"5,6,7,9,13,21,36","5,6,7,9"
2,www.adobe.com,https://www.adobe.com/acrobat/guides/what-is-an-expense-report-template.html,"5,6,7,9,13,21,36","5,6,7,9"
3,www.xappex.com,https://www.xappex.com/templates/travel-expense-report-template/,"5,6,7,9,13,21,36","5,6,7,9"
4,www.canva.com,https://www.canva.com/sheets/expense-reports/,"5,6,7,9,13,21,36","5,6,7,9"
5,www.rippling.com,https://www.rippling.com/blog/travel-expense-report,"5,6,7,9,13,21,36","5,6,7,9"
6,docs.google.com,https://docs.google.com/spreadsheets/d/1-QKikFjcy9jqwG5FE6-w0NAId0_DOCKJzl1fwSg-37U/edit,"5,6,7,9,13,21,36","5,6,7,9"
7,www.klippa.com,https://www.klippa.com/en/blog/information/travel-expense-report-template/,"5,6,7,9,13,21,36","5,6,7,9"
8,www.pinterest.com,https://www.pinterest.com/ideas/printable-travel-expense-form/901662733700/,"5,6,7,9,13,21,36","5,6,7,9"
9,acrpnet.org,https://acrpnet.org/wp-content/uploads/dlm_uploads/2020/01/2020-Travel-Expense-Form.xlsx,"5,6,7,9,13,21,36","5,6,7,9"
10,www.fylehq.com,https://www.fylehq.com/blog/what-is-a-travel-expense-report,"5,6,7,9,13,21,36","5,6,7,9"
