target,ascore,domains_num,backlinks_num
tripcase.app,10,181,288
apurplelife.com,30,947,27320
effectiveretailleader.com,30,521,1109
mtrip.com,30,1075,7283
ricksteves.com,72,25657,340187
tripstone.app,11,141,184
blueplanit.co,20,384,679
explore.com,42,9780,292176
directiveadventure.com,22,1251,2901
suewherewhywhat.com,37,923,2269
wanderfullyrylie.com,15,290,419
gdoc.io,46,2942,29929
gatherandgotravel.com,37,663,1571
yourcocotrip.com,33,262,361
calodging.com,32,1362,7742
travelmarketreport.com,40,7637,354694
nclnet.org,37,3800,19382
vacationexpress.com,44,3685,22519
heatheronhertravels.com,48,2408,12370
smartsheet.com,68,75676,9118451
wanderingkenzie.com,12,406,717
airplanemanager.com,33,816,2414
travelmath.com,71,8507,196221
aviapages.com,37,2197,19865
flighttimecalculator.org,28,308,1269
flighttime-calculator.com,22,378,695
jetadvisors.com,30,972,4738
flexjet.com,41,3229,166969
geotimedate.org,26,776,2221
airsprint.com,32,950,6873
thatanxioustraveller.com,32,758,1899
concur.com,53,13160,534031
techtalksummits.com,28,750,14494
galenleather.com,41,2419,17211
packhacker.com,53,4252,285339
whistleout.com,51,8399,79299
brooksreview.net,36,1960,31159
gr8traveltips.com,21,1245,13780
byairapp.com,33,582,5504
worldtraveller73.com,21,675,3733
flighty.com,51,2736,34727
travelmassive.com,37,1890,84640
thegoodocs.com,45,3749,45546
docsandslides.com,36,1465,31499
affine.pro,42,3459,66040
template.net,73,114412,5275087
