Keyword,Search Volume,CPC,Competition,Trends,Intent,Keyword Difficulty Index
travel itinerary template,90500,1.05,1,"0.03,0.04,0.04,0.13,0.03,0.07,0.16,0.36,1.00,0.16,0.81,0.54",1,41
trip itinerary template,9900,1.05,1,"0.44,0.66,0.44,0.54,0.44,0.36,0.54,0.44,0.36,0.54,0.44,0.44",1,35
vacation itinerary template,1600,0.67,1,"0.65,0.82,0.44,0.44,0.44,0.34,0.34,0.44,0.34,0.44,0.44,0.55",1,24
travel itinerary template google docs,1900,2.83,0.09,"0.44,1.00,0.52,0.36,0.27,0.52,0.36,0.27,0.44,0.52,0.52,0.44",0,18
google doc itinerary template,1900,2.83,0.09,"0.44,1.00,0.66,0.44,0.36,0.13,0.24,0.80,0.27,0.66,0.36,0.44",1,20
travel itinerary template google sheets,1300,1.24,0.53,"0.66,0.66,0.41,0.54,0.24,0.30,0.24,0.54,0.66,0.54,0.54,0.54",1,14
travel itinerary template excel,1300,1.98,1,"0.84,0.84,0.68,1.00,0.68,0.52,0.46,0.68,0.52,0.68,0.52,0.52",1,25
itinerary planner template,1600,1.05,1,"0.19,0.04,0.13,0.03,0.36,0.02,0.02,0.03,0.04,0.10,0.04,0.08",1,25
wanderlog vs tripit,4400,0,0.01,"0.01,0.01,0.01,0.00,0.00,0.00,0.00,0.00,0.01,1.00,0.03,0.05",0,22
best travel apps for planning,2900,4.28,0.02,"0.00,0.00,0.00,0.36,0.44,0.44,0.00,0.00,1.00,0.19,0.01,0.00",0,53
best travel apps,1300,2.43,0.37,"0.52,0.44,0.44,0.36,0.36,0.27,0.20,0.24,0.36,0.27,0.36,0.36",0,31
travel apps,9900,2.07,0.43,"0.19,0.13,0.13,0.10,0.08,0.05,0.08,0.10,0.67,1.00,0.54,0.67",1,39
tripcase,1300,3.19,0.04,"0.54,0.36,0.19,0.19,0.13,0.10,0.08,0.10,0.08,0.10,0.07,0.08","1,0",16
tripit pro,1900,0.59,0.04,"0.66,0.66,0.66,0.66,0.52,0.44,0.52,0.52,0.52,0.52,0.27,0.27","1,2",33
flight time calculator,3600,0.99,0.33,"0.81,1.00,0.66,0.54,0.54,0.54,0.36,0.43,0.43,0.43,0.43,0.54",1,31
flight time estimator,1300,0.03,0.33,"0.10,0.16,0.65,0.29,0.13,0.05,0.22,0.43,0.16,0.29,0.22,0.29",0,24
hotel cancellation policy,1000,2.66,0.01,"0.20,0.34,0.30,0.34,0.16,0.24,0.65,0.20,0.44,0.34,0.34,0.44",1,17
airbnb cancellation policy,6600,0.25,0.01,"0.54,0.54,0.44,0.36,0.36,0.36,0.36,0.44,0.36,0.44,0.36,0.36",1,50
vrbo cancellation policy,2400,3.11,0.01,"0.65,0.81,0.54,0.54,0.43,0.43,0.54,0.65,0.54,0.65,0.54,0.65",1,33
booking.com cancellation policy,2900,2.11,0.09,"0.43,1.00,0.36,0.54,0.24,0.19,0.19,0.28,0.36,0.36,0.36,0.54",1,41
marriott cancellation policy,1600,0,0.33,"0.65,0.65,0.55,0.44,0.55,0.55,0.44,0.65,0.44,0.55,0.55,0.55",1,39
jet lag calculator,1000,0,0.33,"0.81,0.81,0.62,0.62,0.55,0.45,0.55,0.55,0.45,0.81,0.55,1.00",1,22
wanderlog reviews,12100,0.89,0.02,"0.00,0.00,0.00,0.00,0.00,0.00,0.00,0.00,0.16,0.16,1.00,0.11",0,31
wanderlog pro cost,6600,0,0.33,"0.00,0.00,0.00,0.00,0.00,0.00,0.00,0.00,0.00,1.00,0.00,0.00",1,22
travel document app,90,1.32,0.21,"0.00,0.00,0.00,0.80,0.65,0.19,0.26,1.00,0.80,1.00,0.19,0.07",1,33
business travel app,260,42.02,0.19,"0.05,0.08,0.10,0.07,0.05,0.07,0.05,0.07,0.03,0.03,0.07,0.08",0,17
travel expense report template,260,5.65,0.65,"0.23,0.36,0.36,0.54,0.29,0.23,0.36,0.15,0.15,0.66,0.66,1.00",1,24
travel expenses,1600,10.54,0.13,"0.68,0.84,1.00,1.00,0.68,0.46,0.68,1.00,1.00,0.68,0.68,1.00",1,25
per diem rates,18100,4.42,0.33,"0.54,0.81,0.54,0.67,0.67,0.44,0.36,0.67,0.54,0.54,0.67,0.54",1,45
expedia itinerary without email,720,3.87,0.06,"0.16,0.67,0.55,0.67,0.55,0.55,0.67,1.00,0.55,0.67,0.55,0.67",1,44
gsa per diem,33100,0,0.33,"0.66,0.66,0.44,0.66,0.36,0.36,0.36,0.44,0.66,0.81,0.66,0.66",2,40
best organization apps,1900,2.65,0.32,"0.02,0.03,0.03,0.08,0.03,0.03,0.02,0.03,0.02,0.24,1.00,0.81",0,24
best road trip apps,2400,0.99,0.26,"0.04,0.05,0.03,0.03,0.01,0.19,0.10,0.04,1.00,0.24,0.03,0.00",0,38
expedia cancellation policy,3600,2.26,0.01,"0.16,0.19,0.24,0.19,0.16,0.16,0.16,0.16,0.13,0.16,0.16,0.16","1,2",50
hilton cancellation policy,1000,0,0.33,"0.68,0.52,0.46,0.52,0.46,0.52,0.52,0.68,0.46,0.37,0.46,0.52",1,46
hertz cancellation policy,1300,9.72,0.01,"0.44,0.52,0.44,0.24,0.44,0.44,0.36,0.27,0.24,0.44,0.27,0.27",1,35
enterprise cancellation policy,2400,0.01,0.01,"1.00,0.79,0.79,0.79,0.79,1.00,1.00,1.00,0.79,1.00,1.00,1.00",1,34
digital copy of passport,170,1.83,0.05,"0.80,0.80,1.00,1.00,0.66,0.66,0.52,0.80,0.66,0.66,0.66,0.66",1,47
travel expense tracker,110,6.5,0.4,"0.52,0.80,1.00,0.52,0.52,0.42,0.42,0.52,0.52,0.66,0.52,0.66","1,0",49
what is itinerary travel,1600,0,0.33,"0.44,0.03,0.20,0.36,0.36,0.52,0.52,0.36,0.52,0.66,1.00,0.66",1,36
can you cancel hotel reservations,210,0,0.01,"0.43,0.43,0.53,0.43,0.43,0.65,1.00,0.65,0.65,0.81,0.43,0.53",1,30
tripit alternative,90,1.85,0.1,"0.14,0.22,0.18,0.14,0.14,0.14,0.10,0.18,0.14,0.22,0.14,0.14",1,3
tripcase alternative,170,1.6,0.32,"0.20,0.24,0.13,0.08,0.05,0.05,0.03,0.06,0.03,0.05,0.03,0.05",1,4
best travel organizer app,70,0.93,0.2,"0.14,0.09,0.52,0.66,0.14,0.52,0.09,0.14,0.42,0.33,0.52,1.00",0,50
flight arrival time calculator,70,0,0.01,"0.34,0.34,0.26,0.26,0.26,0.26,0.19,0.26,0.26,0.19,0.19,0.19",1,19
travel itinerary app,880,1.15,0.31,"0.68,0.52,0.46,0.46,0.84,0.31,0.31,0.46,0.37,0.52,0.37,1.00",1,72
best travel planning apps,1300,1.39,0.32,"0.55,0.55,0.44,0.65,0.44,0.34,0.30,0.20,0.30,0.55,0.44,0.20",0,46
tripit pro cost,170,0,0.04,"0.53,0.42,0.42,0.80,0.80,0.80,0.65,1.00,0.65,0.42,0.11,0.26",1,27
travel expense tracker app,30,2.87,0.49,"0.50,0.14,0.14,0.14,0.14,0.14,0.14,0.14,0.14,0.14,0.14,0.14",1,44
business trip expense report,20,0,0.06,"0.07,0.07,0.07,0.07,0.07,0.07,0.07,0.07,0.07,0.07,0.07,0.07",,0
travel receipts app,20,5.66,0.66,"0.07,0.07,0.07,0.07,0.07,0.07,0.07,0.07,0.07,0.07,0.07,0.07",,0
countries visited map app,20,0,0.15,"0.66,0.66,0.66,0.66,0.66,0.66,0.66,0.66,0.66,0.66,0.66,0.66",,0
travel history app,20,0,0.01,"0.11,0.11,0.11,0.11,0.11,0.11,0.11,0.11,0.11,0.11,0.11,0.11",,0
trip countdown app,110,0.16,0.28,"0.23,0.28,0.23,0.18,0.18,0.08,0.06,0.18,0.06,0.18,0.23,0.23",1,37
travel history for visa application,20,0,0,"0.71,0.28,0.00,0.28,0.00,0.00,0.00,0.28,0.28,0.28,0.28,0.28",,0
schengen visa travel history,20,0,0,"0.00,0.28,0.00,0.28,0.28,0.28,0.00,0.28,0.28,0.28,0.28,0.28",,0
how to find my travel history,30,0,0.33,"0.14,0.14,0.14,0.14,0.19,0.14,0.09,0.09,0.09,0.09,0.09,0.09",,0
countries visited tracker app,0,0,0,"0.00,0.00,0.00,0.00,0.00,0.00,0.00,0.00,0.00,0.00,0.00,0.00",,0
scan boarding pass app,0,0,0,"0.00,0.00,0.00,0.00,0.00,0.00,0.00,0.00,0.00,0.00,0.00,0.00",,0
boarding pass scanner app,20,0,0.33,"0.66,0.66,0.66,0.66,0.66,0.66,0.66,0.66,0.66,0.66,0.66,0.66",,0
remind me to check in for flight,0,0,0,"0.00,0.00,0.00,0.00,0.00,0.00,0.00,0.00,0.00,0.00,0.00,0.00",,0
when does online check in open,20,0,0.33,"0.28,0.28,0.28,0.28,0.28,0.28,0.28,0.28,0.28,0.28,0.28,0.28",,0
trip budget app,140,2.42,0.09,"0.65,1.00,0.81,0.81,0.28,0.21,0.28,0.43,0.15,0.21,0.21,0.21",1,37
travel budget tracker app,20,0,0.33,"1.00,1.00,1.00,1.00,1.00,0.00,1.00,1.00,1.00,1.00,1.00,1.00",,0
flight tracker widget android,20,0,0.11,"1.00,1.00,1.00,1.00,1.00,1.00,1.00,1.00,1.00,1.00,1.00,1.00",,0
flight countdown widget,20,0,0.04,"0.14,0.14,0.14,0.14,0.14,0.14,0.14,0.14,0.14,0.14,0.14,0.14",,0
export itinerary to pdf,0,0,0,"0.00,0.00,0.00,0.00,0.00,0.00,0.00,0.00",,0
print travel itinerary,90,0.64,1,"0.42,0.53,0.34,0.34,0.34,0.34,0.19,0.34,0.34,0.26,0.42,0.42",1,29
per diem calculator,2900,3.69,0.02,"0.53,0.44,0.44,0.53,0.66,0.44,0.35,0.66,0.66,0.66,0.66,0.66",1,25
