date,clicks,impressions,ctr,position
2025-11-17,0,0,0,0
2025-11-18,0,0,0,0
2025-11-19,0,1,0,37
2025-11-20,0,1,0,38
2025-11-21,2,7,0.2857,21.14
2025-11-22,0,10,0,21.6
2025-11-23,0,37,0,13.51
2025-11-24,0,39,0,21.1
2025-11-25,1,36,0.0278,18.5
2025-11-26,0,24,0,13.42
2025-11-27,0,26,0,22.5
2025-11-28,0,34,0,16.79
2025-11-29,0,33,0,12.97
2025-11-30,0,34,0,19.32
2025-12-01,0,56,0,16.73
2025-12-02,0,28,0,18.68
2025-12-03,0,33,0,14.7
2025-12-04,0,32,0,12.63
2025-12-05,0,14,0,21.79
2025-12-06,2,34,0.0588,13.53
2025-12-07,0,37,0,22.84
2025-12-08,0,53,0,22.28
2025-12-09,1,51,0.0196,21.25
2025-12-10,0,60,0,16.13
2025-12-11,0,49,0,27.04
2025-12-12,0,29,0,21.72
2025-12-13,0,27,0,11.96
2025-12-14,0,42,0,22.88
2025-12-15,0,39,0,24.69
2025-12-16,0,33,0,26.09
2025-12-17,0,21,0,36.05
2025-12-18,0,44,0,17.89
2025-12-19,0,24,0,31.75
2025-12-20,1,33,0.0303,27.12
2025-12-21,0,30,0,44.87
2025-12-22,0,45,0,29.31
2025-12-23,0,15,0,28.53
2025-12-24,0,27,0,28.89
2025-12-25,0,16,0,27.63
2025-12-26,0,9,0,21.44
2025-12-27,1,10,0.1,31.1
2025-12-28,1,21,0.0476,21.71
2025-12-29,0,47,0,25.89
2025-12-30,2,24,0.0833,20.88
2025-12-31,0,28,0,15.25
2026-01-01,0,29,0,27.83
2026-01-02,1,25,0.04,19.8
2026-01-03,2,47,0.0426,8.45
2026-01-04,2,30,0.0667,14.2
2026-01-05,0,24,0,19.79
2026-01-06,1,17,0.0588,20.76
2026-01-07,0,17,0,26.29
2026-01-08,0,20,0,31.15
2026-01-09,0,13,0,39.77
2026-01-10,0,24,0,35.75
2026-01-11,0,23,0,34.61
2026-01-12,0,35,0,38.6
2026-01-13,0,30,0,21.97
2026-01-14,0,25,0,33.96
2026-01-15,0,13,0,12.38
2026-01-16,1,22,0.0455,31.68
2026-01-17,1,28,0.0357,46.93
2026-01-18,1,21,0.0476,38.24
2026-01-19,2,28,0.0714,32.07
2026-01-20,0,6,0,35.17
2026-01-21,0,26,0,23.65
2026-01-22,2,25,0.08,21.2
2026-01-23,0,21,0,30.9
2026-01-24,0,6,0,37.67
2026-01-25,0,21,0,22.71
2026-01-26,1,20,0.05,36.9
2026-01-27,1,16,0.0625,26.38
2026-01-28,0,21,0,24.14
2026-01-29,1,23,0.0435,42.09
2026-01-30,0,23,0,35.78
2026-01-31,2,21,0.0952,20.71
2026-02-01,2,26,0.0769,36.62
2026-02-02,0,25,0,35.92
2026-02-03,0,19,0,21.84
2026-02-04,0,18,0,28.72
2026-02-05,0,19,0,18.11
2026-02-06,0,14,0,16.64
2026-02-07,1,16,0.0625,24.56
2026-02-08,1,10,0.1,25.7
2026-02-09,0,19,0,37.74
2026-02-10,0,10,0,23.7
2026-02-11,0,15,0,19.53
2026-02-12,3,22,0.1364,19.09
2026-02-13,0,8,0,4.63
2026-02-14,0,25,0,8.84
2026-02-15,1,17,0.0588,23.47
2026-02-16,0,25,0,28
2026-02-17,0,25,0,35.12
2026-02-18,1,14,0.0714,25.5
2026-02-19,0,17,0,14.82
2026-02-20,2,20,0.1,16.85
2026-02-21,0,28,0,28.79
2026-02-22,0,25,0,25.96
2026-02-23,0,25,0,30.48
2026-02-24,0,24,0,24.96
2026-02-25,1,23,0.0435,9.52
2026-02-26,1,26,0.0385,11.19
2026-02-27,0,23,0,10.26
2026-02-28,0,19,0,15.95
2026-03-01,0,34,0,9.71
2026-03-02,0,33,0,26.58
2026-03-03,2,29,0.069,11.72
2026-03-04,0,31,0,14.06
2026-03-05,0,26,0,28.88
2026-03-06,0,40,0,19.98
2026-03-07,0,40,0,20.3
2026-03-08,0,38,0,16.95
2026-03-09,0,31,0,23.65
2026-03-10,0,29,0,16.55
2026-03-11,0,41,0,25.66
2026-03-12,1,31,0.0323,24.45
2026-03-13,1,31,0.0323,12.81
2026-03-14,1,34,0.0294,18.97
2026-03-15,0,28,0,22.68
2026-03-16,0,41,0,27.39
2026-03-17,0,45,0,17.89
2026-03-18,1,44,0.0227,12.16
2026-03-19,0,23,0,15.39
2026-03-20,0,26,0,14.92
2026-03-21,0,47,0,17.51
2026-03-22,0,29,0,11.28
2026-03-23,2,60,0.0333,11.15
2026-03-24,2,34,0.0588,13.85
2026-03-25,1,46,0.0217,13.93
2026-03-26,0,32,0,14.91
2026-03-27,1,29,0.0345,14.66
2026-03-28,0,50,0,20.72
2026-03-29,0,34,0,8.85
2026-03-30,0,34,0,14.79
2026-03-31,0,37,0,18
2026-04-01,1,33,0.0303,21.48
2026-04-02,0,35,0,15.57
2026-04-03,0,42,0,17.88
2026-04-04,0,21,0,22.33
2026-04-05,0,23,0,19.83
2026-04-06,2,67,0.0299,15.3
2026-04-07,1,59,0.0169,13.58
2026-04-08,0,33,0,20.36
2026-04-09,0,41,0,19.68
2026-04-10,0,28,0,15.04
2026-04-11,0,21,0,25.52
2026-04-12,1,41,0.0244,25.05
2026-04-13,0,38,0,19.74
2026-04-14,3,31,0.0968,29.29
2026-04-15,0,41,0,12.05
2026-04-16,0,29,0,35.66
2026-04-17,0,26,0,27.65
2026-04-18,0,34,0,20.65
2026-04-19,0,20,0,22.7
2026-04-20,0,24,0,37.33
2026-04-21,0,26,0,17.81
2026-04-22,1,37,0.027,13.97
2026-04-23,0,54,0,17.28
2026-04-24,1,54,0.0185,15.5
2026-04-25,0,87,0,11.99
2026-04-26,0,82,0,16.2
2026-04-27,0,56,0,11.96
2026-04-28,5,49,0.102,12.59
2026-04-29,1,69,0.0145,14.59
2026-04-30,0,55,0,9.93
2026-05-01,0,66,0,15.97
2026-05-02,0,70,0,16.71
2026-05-03,1,82,0.0122,11.6
2026-05-04,0,56,0,12.88
2026-05-05,0,73,0,10.53
2026-05-06,0,63,0,12
2026-05-07,0,56,0,10.59
2026-05-08,2,98,0.0204,9.99
2026-05-09,0,37,0,20.22
2026-05-10,0,64,0,13.27
2026-05-11,0,83,0,12.93
2026-05-12,0,50,0,18.4
2026-05-13,0,30,0,19.87
2026-05-14,1,43,0.0233,15.05
2026-05-15,0,45,0,15.76
2026-05-16,0,66,0,12.18
2026-05-17,0,28,0,7.39
2026-05-18,0,49,0,16.31
2026-05-19,2,36,0.0556,16.11
2026-05-20,0,49,0,22.04
2026-05-21,0,52,0,23.35
2026-05-22,0,73,0,14.79
2026-05-23,0,64,0,20.23
2026-05-24,1,61,0.0164,19.61
2026-05-25,1,92,0.0109,17.92
2026-05-26,3,69,0.0435,11.52
2026-05-27,0,88,0,15.93
2026-05-28,1,114,0.0088,15.25
2026-05-29,0,105,0,16.12
2026-05-30,0,160,0,11.57
2026-05-31,0,233,0,7.68
2026-06-01,1,177,0.0056,13.91
2026-06-02,1,78,0.0128,7.22
2026-06-03,0,61,0,14.28
2026-06-04,1,52,0.0192,12.98
2026-06-05,0,56,0,18.32
2026-06-06,0,45,0,21.78
2026-06-07,0,51,0,14.29
2026-06-08,0,62,0,15.15
2026-06-09,1,68,0.0147,15.93
2026-06-10,1,78,0.0128,18.68
2026-06-11,1,66,0.0152,20.36
2026-06-12,2,110,0.0182,18.56
2026-06-13,1,98,0.0102,13.74
2026-06-14,1,104,0.0096,11.29
2026-06-15,2,105,0.019,21.65
2026-06-16,0,124,0,13.76
2026-06-17,0,119,0,12.22
2026-06-18,2,74,0.027,15.39
2026-06-19,1,69,0.0145,12.2
2026-06-20,2,90,0.0222,11.47
2026-06-21,1,92,0.0109,10.08
2026-06-22,1,88,0.0114,7.59
2026-06-23,4,88,0.0455,10.93
2026-06-24,1,72,0.0139,19.06
2026-06-25,2,97,0.0206,22.23
2026-06-26,4,191,0.0209,12.41
2026-06-27,0,107,0,11.41
2026-06-28,1,172,0.0058,8.98
2026-06-29,1,106,0.0094,12.17
2026-06-30,2,132,0.0152,10.42
2026-07-01,4,114,0.0351,15.1
2026-07-02,3,106,0.0283,15.32
2026-07-03,1,101,0.0099,16.77
2026-07-04,1,108,0.0093,11.19
2026-07-05,2,106,0.0189,9.54
2026-07-06,3,468,0.0064,8.13
2026-07-07,0,219,0,8.56
2026-07-08,2,150,0.0133,10.03
2026-07-09,5,256,0.0195,10.55
2026-07-10,3,122,0.0246,14.61
2026-07-11,1,139,0.0072,16.7
2026-07-12,1,135,0.0074,15.88
2026-07-13,0,172,0,10.63
2026-07-14,3,145,0.0207,12.44
2026-07-15,1,125,0.008,15.32
2026-07-16,4,113,0.0354,12.95
2026-07-17,4,105,0.0381,14.03
2026-07-18,0,138,0,17.36
2026-07-19,3,175,0.0171,9.59
2026-07-20,3,272,0.011,8.21
2026-07-21,0,263,0,8.58
2026-07-22,3,278,0.0108,8.94
2026-07-23,5,257,0.0195,8.16
2026-07-24,0,345,0,9.61
2026-07-25,1,246,0.0041,9.8
2026-07-26,1,249,0.004,9.88
2026-07-27,2,274,0.0073,8.08
2026-07-28,3,280,0.0107,10.75
2026-07-29,2,418,0.0048,11.85
2026-07-30,4,267,0.015,9.55
2026-07-31,1,302,0.0033,9.49
2026-08-01,2,300,0.0067,10.53
2026-08-02,1,313,0.0032,9.66
2026-08-03,3,295,0.0102,9.15
2026-08-04,2,372,0.0054,8.04
2026-08-05,0,364,0,11.68
2026-08-06,0,334,0,10.61
2026-08-07,0,285,0,10.95
2026-08-08,0,237,0,11.56
2026-08-09,0,270,0,10.81
2026-08-10,1,307,0.0033,11.06
2026-08-11,0,314,0,11.5
2026-08-12,0,250,0,10.59
2026-08-13,1,273,0.0037,11.84
2026-08-14,2,293,0.0068,9.59
2026-08-15,0,700,0,4.08
2026-08-16,2,303,0.0066,9.16
2026-08-17,1,414,0.0024,9.11
2026-08-18,3,487,0.0062,11.88
2026-08-19,6,640,0.0094,7.23
2026-08-20,7,538,0.013,9.39
2026-08-21,0,412,0,9.08
2026-08-22,3,378,0.0079,9.93
2026-08-23,4,377,0.0106,7.93
2026-08-24,2,438,0.0046,8.41
2026-08-25,6,334,0.018,11.41
2026-08-26,2,351,0.0057,10.13
2026-08-27,4,438,0.0091,10.52
2026-08-28,3,313,0.0096,13.34
2026-08-29,3,270,0.0111,18.23
2026-08-30,6,293,0.0205,18.12
2026-08-31,4,356,0.0112,15.85
2026-09-01,1,433,0.0023,14.49
2026-09-02,0,368,0,14.72
2026-09-03,3,450,0.0067,10.73
2026-09-04,0,383,0,12.03
2026-09-05,0,611,0,8.64
2026-09-06,3,482,0.0062,8.99
2026-09-07,0,413,0,10.33
2026-09-08,3,362,0.0083,9.29
2026-09-09,6,352,0.017,10.54
2026-09-10,3,369,0.0081,12.25
2026-09-11,1,369,0.0027,13.64
2026-09-12,4,587,0.0068,13.51
2026-09-13,0,482,0,13.34
2026-09-14,6,483,0.0124,12.91
2026-09-15,4,434,0.0092,14.15
2026-09-16,2,310,0.0065,8.91
2026-09-17,1,253,0.004,8.98
2026-09-18,2,239,0.0084,8.63
2026-09-19,4,177,0.0226,8.15
2026-09-20,0,174,0,7.64
2026-09-21,3,239,0.0126,7.95
2026-09-22,4,210,0.019,9.57
2026-09-23,1,200,0.005,9.81
2026-09-24,2,236,0.0085,8.94
2026-09-25,2,161,0.0124,7.6
2026-09-26,3,153,0.0196,10.48
2026-09-27,1,167,0.006,10.42
2026-09-28,0,182,0,7.6
2026-09-29,1,144,0.0069,8.71
2026-09-30,1,177,0.0056,9.58
2026-10-01,0,186,0,10.47
2026-10-02,1,166,0.006,11.71
2026-10-03,1,173,0.0058,11.51
2026-10-04,2,182,0.011,9.41
2026-10-05,6,597,0.0101,7.41
2026-10-06,6,1254,0.0048,7.04
